,Address,Price,Bedroom,Bathroom,Carpark,Area
0,"93 Hoddle Avenue, Bradbury NSW 2560","Price Guide $540,000 - $580,000",4 Beds,2 Baths,1 Parking,588m² 
1,"65 Masons Parade, Point Frederick NSW 2250","$2,700,000",3 Beds,2 Baths,3 Parkings,N/A
2,"65 Masons Parade, Point Frederick NSW 2250","$880,000 to $1,680,000",3 Beds,2 Baths,2 Parkings,N/A
3,"65 Masons Parade, Point Frederick NSW 2250","$850,000 to $1,190,000",2 Beds,2 Baths,2 Parkings,N/A
4,"65 Masons Parade, Point Frederick NSW 2250","$490,0000 to $640,000",1 Bed,1 Bath,1 Parking,N/A
5,"396 Lane Cove Road, Macquarie Park NSW 2113","$635,000",1 Bed,1 Bath,− 0 Parkings,59m² 
6,"396 Lane Cove Road, Macquarie Park NSW 2113","$2,388,000",4 Beds,3 Baths,1 Parking,N/A
7,"396 Lane Cove Road, Macquarie Park NSW 2113","$926,000",2 Beds,1 Bath,1 Parking,N/A
8,"nbh/25-27 Epping Road, Macquarie Park NSW 2113","$916,000 to $1,281,000",2 Beds,1 Bath,1 Parking,N/A
9,"Lot 311 Burrell Road, Pitt Town NSW 2756","$1,457,288",5 Beds,3 Baths,2 Parkings,"1,732m² "
10,"Lot 306 Barnett Street, Pitt Town NSW 2756","$928,888","1,519m² ",N/A,0,N/A
11,"215 Barnett Street, Pitt Town NSW 2756","$908,888","1,657m² ",N/A,0,N/A
12,"Lot 308 Barnett Street, Pitt Town NSW 2756","$908,888","1,788m² ",N/A,0,N/A
13,"5512 Cove Boulevard, Shell Cove NSW 2529","$1,275,000",5 Beds,4 Baths,2 Parkings,N/A
14,"5506 Cove Boulevard, Shell Cove NSW 2529","$985,000",5 Beds,3 Baths,2 Parkings,N/A
15,"5501 Cove Boulevarde, Shell Cove NSW 2529","$925,000",4 Beds,2 Baths,2 Parkings,N/A
16,"Lot 1058 Cove Boulevard, Shell Cove NSW 2529","$890,000",721m² ,N/A,0,N/A
17,"Lot 910 Matavai Street, Cobbitty NSW 2570","$795,000",4 Beds,2 Baths,2 Parkings,471m² 
18,"Lot 924 Thoroughbred Drive, Cobbitty NSW 2570",753000,4 Beds,2 Baths,2 Parkings,474m² 
19,"Lot 970 Olive Hill Drive, Cobbitty NSW 2570","$740,000",4 Beds,2 Baths,2 Parkings,420m² 
20,"Lot 992 Matavai Street, Cobbitty NSW 2570","$698,500",3 Beds,2 Baths,2 Parkings,276m² 
21,"65 Central Ave, Oran Park NSW 2570","$799,900",4 Beds,2 Baths,2 Parkings,419m² 
22,"47 Central Ave, Oran Park NSW 2570","$799,900",4 Beds,2 Baths,2 Parkings,419m² 
23,"49 Central Ave, Oran Park NSW 2570","$719,900",3 Beds,2 Baths,2 Parkings,419m² 
24,"63 Central Ave, Oran Park NSW 2570","$709,900",3 Beds,2 Baths,2 Parkings,419m² 
25,"Lot 338 Waterglass Street, Spring Farm NSW 2570","$743,000",4 Beds,25 Baths,2 Parkings,514m² 
26,"Lot 313 Waterglass Street, Spring Farm NSW 2570","$729,000",4 Beds,2 Baths,2 Parkings,N/A
27,"Lot 316 Waterglass Street, Spring Farm NSW 2570","$724,000",4 Beds,2 Baths,1 Parking,515m² 
28,"Lot 315 Waterglass Street, Spring Farm NSW 2570","$709,000",4 Beds,2 Baths,2 Parkings,396m² 
29,"Lot 206 Birmingham Circuit, Bellbird NSW 2325","$427,908",4 Beds,2 Baths,2 Parkings,634.6m² 
30,"Lot 219 Birmingham Circuit, Bellbird NSW 2325","$426,963",4 Beds,2 Baths,2 Parkings,616m² 
31,"Lot 203 Birmingham Circuit, Bellbird NSW 2325","$385,280",3 Beds,2 Baths,1 Parking,634m² 
32,"Lot 304 Birmingham Circuit, Bellbird NSW 2325","$210,888",812.6m² ,N/A,0,N/A
33,Googong NSW 2620,"$375,000",698m² ,N/A,0,N/A
34,Googong NSW 2620,"$364,000",N/A,N/A,0,N/A
35,Googong NSW 2620,"$346,000",N/A,N/A,0,N/A
36,Googong NSW 2620,"$328,000",N/A,N/A,0,N/A
37,Googong NSW 2620,"$322,000",N/A,N/A,0,N/A
38,Googong NSW 2620,"$355,000",633m² ,N/A,0,N/A
39,Googong NSW 2620,"$320,000",606m² ,N/A,0,N/A
40,Googong NSW 2620,"$330,000",576m² ,N/A,0,N/A
41,"Lot 403 Somervale Road, Sandy Beach NSW 2456","Live the Seacrest life $275,000",637m² ,N/A,0,N/A
42,"Lot 405 Somervale Road, Sandy Beach NSW 2456","Seacrest Life by the beach $265,000",621m² ,N/A,0,N/A
43,"Lot 402 Shorebird Way, Sandy Beach NSW 2456","Sun, Sand and Seacrest $260,000",568m² ,N/A,0,N/A
44,"Lot 410 Rockpool Avenue, Sandy Beach NSW 2456","The Seacrest Life $220,000",467m² ,N/A,0,N/A
45,"Lot 130 Grand Parade, Rutherford NSW 2320","$225,000",610.9m² ,N/A,0,N/A
46,"Lot 129 Grand Parade, Rutherford NSW 2320","$215,000",591.8m² ,N/A,0,N/A
47,"Lot 128 Grand Parade, Rutherford NSW 2320","$215,000",621m² ,N/A,0,N/A
48,"Lot 106 Tournament Street, Rutherford NSW 2320","$179,000",647m² ,N/A,0,N/A
49,"99 Schofields Lane, Berry NSW 2535","$3,000,000",5 Beds,3 Baths,3 Parkings,N/A
50,"302/168 Kent Street, Millers Point NSW 2000","$2,900,000",2 Beds,2 Baths,1 Parking,N/A
51,"801/1 Pottinger Street, Walsh Bay NSW 2000",Contact Agent for price guide,2 Beds,2 Baths,1 Parking,N/A
52,"17E/1 Harbour Street, Sydney NSW 2000",Contact Agent,2 Beds,2 Baths,1 Parking,N/A
53,"59 Willeroo Drive, Windsor Downs NSW 2756",For sale,4 Beds,3 Baths,13 Parkings,1.55ha 
54,"136/361 Kent Street, Sydney NSW 2000","$1,980,000",3 Beds,2 Baths,2 Parkings,N/A
55,"4 TEVEN STREET, Brunswick Heads NSW 2483",Please call Fiona,4 Beds,2 Baths,2 Parkings,"1,012m² "
56,"9 Dilkera Street, South Durras NSW 2536",Auction Sat 16th Feb 11:00am,4 Beds,2 Baths,7 Parkings,701.9m² 
57,"3077/65 Tumbalong Boulevard, Haymarket NSW 2000",Contact Agent,2 Beds,2 Baths,1 Parking,N/A
58,"1/16 Percival Road, Caringbah South NSW 2229","$1,650,000",3 Beds,2 Baths,3 Parkings,N/A
59,"1 Woodlands Road, Port Macquarie NSW 2444","$1,590,000",64.75ha ,N/A,0,N/A
60,"38 Squires Crescent, Coledale NSW 2515",Contact agent,5 Beds,2 Baths,2 Parkings,"1,144m² "
61,"3/48-50 Oleander Parade, Caringbah South NSW 2229","Auction, unless sold prior",4 Beds,2 Baths,2 Parkings,N/A
62,"90 Hall Street, Pitt Town NSW 2756",Contact Agent,4 Beds,2 Baths,3 Parkings,"1,500m² "
63,"66 Wetherill Street, Leichhardt NSW 2040",Contact Agent,3 Beds,1 Bath,1 Parking,247m² 
64,"343 Balmain  Road, Lilyfield NSW 2040",Contact Agent,3 Beds,1 Bath,1 Parking,152m² 
65,"28 Cliff Road, Forster NSW 2428","$1,230,000",4 Beds,3 Baths,2 Parkings,569m² 
66,"133 Francis Street, Lilyfield NSW 2040",Contact Agent,3 Beds,1 Bath,1 Parking,N/A
67,"5 Hearn Street, Leichhardt NSW 2040",Contact Agent,3 Beds,2 Baths,− 0 Parkings,N/A
68,"18B Dudley Avenue, Caringbah NSW 2229",FOR SALE,4 Beds,2 Baths,2 Parkings,585m² 
69,Central Mangrove NSW 2250,FOR SALE,1.05ha ,N/A,0,N/A
70,"135B BTU Road, Nowra Hill NSW 2540",Expressions of Interest,4 Beds,2 Baths,4 Parkings,5ha 
71,"3/9 Breakers Way, Korora NSW 2450","$1,075,000",5 Beds,4 Baths,2 Parkings,"2,110m² "
72,"24 Tyndall Street, Mittagong NSW 2575","Price Guide $1,025,000",4 Beds,2 Baths,2 Parkings,695m² 
73,"14 Hartford Avenue, Glen Alpine NSW 2560","$980,000 - $1,040,000",4 Beds,2 Baths,3 Parkings,803m² 
74,"Lot 3 1775 Wombeyan Caves Road, High Range NSW 2575","$975,000",42.78ha ,N/A,0,N/A
75,"9 Taren Road, Caringbah NSW 2229",New Listing,2 Beds,1 Bath,2 Parkings,588.1m² 
76,"44 Meares Road, Mcgraths Hill NSW 2756",Just Listed,4 Beds,3 Baths,2 Parkings,638.6m² 
77,"8/32 Vista Street, Caringbah NSW 2229","$940,000",3 Beds,2 Baths,1 Parking,185m² 
78,"14 Myrtle Street, Colo Vale NSW 2575","$920,000 - $950,000",4 Beds,2 Baths,− 0 Parkings,"3,880m² "
79,"3 Heber Place, Prospect NSW 2148",Expressions of Interest,3 Beds,3 Baths,2 Parkings,N/A
80,"1,2,3/22 Coogee Avenue, The Entrance North NSW 2261",Auction,7 Beds,4 Baths,3 Parkings,552m² 
81,"2/66 Lynwood Avenue, Cromer NSW 2099",Price on Request,2 Beds,2 Baths,2 Parkings,119m² 
82,"4/19 Beeson Street, Leichhardt NSW 2040",Contact Agent,2 Beds,2 Baths,1 Parking,N/A
83,"22 Wingrave Street, Googong NSW 2620","$899,000 - $949,000",4 Beds,2 Baths,2 Parkings,659.4m² 
84,"1 Oxley Place, Point Clare NSW 2250",New To Market,4 Beds,2 Baths,2 Parkings,851m² 
85,"7402/2-10 Mooramba Road, Dee Why NSW 2099",Contact Agent,2 Beds,2 Baths,2 Parkings,N/A
86,"10 Ashburn Close, Lisarow NSW 2250",Contact agent,4 Beds,2 Baths,2 Parkings,"1,095m² "
87,"11/87 Yathong Road, Caringbah NSW 2229","$849,000",2 Beds,1 Bath,2 Parkings,259m² 
88,"335 Crossmaglen Road, Bonville NSW 2450","$795,000",2 Beds,1 Bath,2 Parkings,2ha 
89,"93 Bathurst St, Pitt Town NSW 2756","$795,000 - $845,000",3 Beds,2 Baths,2 Parkings,576m² 
90,"1/3 Commodore  Crescent, Port Macquarie NSW 2444","Guide $780,000 - $820,000",3 Beds,2 Baths,2 Parkings,N/A
91,"6/82 Dee Why Parade, Dee Why NSW 2099","Auction Guide $750,000",2 Beds,1 Bath,1 Parking,N/A
92,"1/291 Taren Point Road, Caringbah NSW 2229",New Listing,3 Beds,1 Bath,2 Parkings,160m² 
93,"26 Waters Park Drive, Moore Creek NSW 2340","$745,000",2.75ha ,N/A,0,N/A
94,"8 Insley Street, Googong NSW 2620","$739,000-$759,000",4 Beds,2 Baths,2 Parkings,640m² 
95,"18 Fairfax Road, Woollamia NSW 2540","$700,000",2 Beds,1 Bath,1 Parking,2.22ha 
96,Jamisontown NSW 2750,"$695,000 - $735,000",3 Beds,1 Bath,2 Parkings,N/A
97,"61 Hurricane Drive, Raby NSW 2566",Forthcoming Auction,3 Beds,2 Baths,4 Parkings,"1,291m² "
98,"16 Montgomery Avenue, Googong NSW 2620","$690,00 - $710,000",4 Beds,2 Baths,2 Parkings,500m² 
99,"40 Daisy Loop, Googong NSW 2620","$689,000",4 Beds,2 Baths,2 Parkings,450m² 
100,"16 Sydney Smith Drive, Penrith NSW 2750","$689,000 - $729,000",4 Beds,2 Baths,2 Parkings,N/A
101,"28 Wallis Avenue, Renwick NSW 2575","Guide $675,000",3 Beds,2 Baths,1 Parking,453m² 
102,"1896 Old Maitland Road, Cessnock NSW 2325","$660,000 - $690,000",3 Beds,3 Baths,2 Parkings,2.01ha 
103,"1547 Oxley Highway, Tamworth NSW 2340",AUCTION,9.71ha ,N/A,0,N/A
104,"24 Palomino Road, Emu Heights NSW 2750","$650,000 - $699,000",4 Beds,2 Baths,2 Parkings,644m² 
105,"23 The Point Drive, Port Macquarie NSW 2444","Auction 17th February, Rydges Hotel at 6pm",5 Beds,2 Baths,2 Parkings,769m² 
106,"136 Avery Street, Rutherford NSW 2320","$640,000",4 Beds,2 Baths,2 Parkings,839m² 
107,"11 Currawong Drive, Port Macquarie NSW 2444","$639,000",4 Beds,2 Baths,2 Parkings,N/A
108,"7 Griffiths Link, Googong NSW 2620","$630,000 - $650,000",3 Beds,2 Baths,2 Parkings,448m² 
109,"78 TANDORA STREET, Kelso NSW 2795",For Auction (if not sold prior),5 Beds,4 Baths,6 Parkings,"1,077m² "
110,"46 Kearsley Street, Bellbird NSW 2325","$620,000 - $650,000",5 Beds,2 Baths,4 Parkings,930.8m² 
111,"9 Metcalf Street, Googong NSW 2620","$620,000",3 Beds,2 Baths,2 Parkings,412m² 
112,"5 Tagu Place, Kings Park NSW 2148","Price | $645,000 - $695,00",3 Beds,3 Baths,2 Parkings,N/A
113,"70 Colo Street, Mittagong NSW 2575",Contact Agent,3 Beds,1 Bath,3 Parkings,"2,053m² "
114,"6 Mahogany Hill, Port Macquarie NSW 2444",Price on request,3 Beds,2 Baths,2 Parkings,"1,018m² "
115,"4 Campus Street, Port Macquarie NSW 2444","$595,000",4 Beds,2 Baths,2 Parkings,570m² 
116,"7/35 Oaks Avenue, Dee Why NSW 2099","For Sale | Guide $595,000",2 Beds,1 Bath,1 Parking,N/A
117,"10 Lisa Place, Sunshine Bay NSW 2536","$590,000",4 Beds,2 Baths,2 Parkings,"1,184m² "
118,"24 Naylor Street, Queanbeyan NSW 2620","$560,000 - $580,000",3 Beds,1 Bath,3 Parkings,681m² 
119,"39 Pyalla Avenue, Aberglasslyn NSW 2320","$579,000",4 Beds,2 Baths,3 Parkings,839.1m² 
120,"83 DARWIN DRIVE, Llanarth NSW 2795","$579,000",4 Beds,2 Baths,2 Parkings,901m² 
121,"33/173a Reservoir Road, Blacktown NSW 2148",Offer Invited,3 Beds,1 Bath,1 Parking,N/A
122,"1-3/30 Coolum Parkway, Shell Cove NSW 2529","Price Guide $570,000 - $610,000",3 Beds,2 Baths,2 Parkings,N/A
123,"572 Whinray Crescent, East Albury NSW 2640",Forthcoming Sale,4 Beds,2 Baths,2 Parkings,687m² 
124,"98 Lieutenant Bowen Road, Bowen Mountain NSW 2753",Just Listed,3 Beds,1 Bath,2 Parkings,689.2m² 
125,"1/9 Gurra Place, Port Macquarie NSW 2444",Price on request,3 Beds,2 Baths,2 Parkings,N/A
126,"8 Yuroka Close, North Gosford NSW 2250",Just Listed,3 Beds,2 Baths,2 Parkings,615m² 
127,"34 Rays Road, Bateau Bay NSW 2261","Price Guide of $549,000",2 Beds,1 Bath,1 Parking,556m² 
128,"13 Lavender Court, St Helens Park NSW 2560","Auction, price  guide $550,000",3 Beds,1 Bath,4 Parkings,614m² 
129,"53 Devitt Crescent, The Oaks NSW 2570","$549,990 - $579,990",3 Beds,1 Bath,1 Parking,456m² 
130,"5 Bodalla  Avenue, Port Macquarie NSW 2444","$540,000 - $560,000",3 Beds,2 Baths,2 Parkings,754m² 
131,"205/43 Devitt Street, Blacktown NSW 2148",Just Listed,2 Beds,2 Baths,2 Parkings,N/A
132,"22/171 Willarong Road, Caringbah NSW 2229","$525,000",2 Beds,1 Bath,1 Parking,79.7m² 
133,"80 Victoria Street, Katoomba NSW 2780","$505,000",3 Beds,2 Baths,1 Parking,557m² 
134,"90 Rawson Parade, Leura NSW 2780","$500,000 - $540,000",3 Beds,1 Bath,1 Parking,"2,014m² "
135,"8/151-153 Cox Avenue, Penrith NSW 2750","$499,000",3 Beds,2 Baths,2 Parkings,N/A
136,"6 Walmer Avenue, Sanctuary Point NSW 2540","$499,000",3 Beds,1 Bath,1 Parking,752.46m² 
137,"165 Cameron Road, Queanbeyan NSW 2620",By Negotiation,4 Beds,2 Baths,1 Parking,601m² 
138,Penrith NSW 2750,JUST LISTED by RE/MAX,2 Beds,2 Baths,1 Parking,N/A
139,"89 Breckenridge Street, Forster NSW 2428","$495,000",3 Beds,2 Baths,2 Parkings,626m² 
140,"6/5-7 Wheeler Parade, Dee Why NSW 2099","Price Guide: $490,000",1 Bed,1 Bath,1 Parking,56m² 
141,"12/77 Pacific  Parade, Dee Why NSW 2099","Guide $490,000",1 Bed,1 Bath,1 Parking,57m² 
142,"58 Litchfield Crescent, Long Beach NSW 2536","$490,000 - $520,000",3 Beds,2 Baths,1 Parking,666m² 
143,"543/2 Nipper  Street, Homebush NSW 2140",Contact Agent,1 Bed,1 Bath,1 Parking,N/A
144,"3 Arnold Street, Leumeah NSW 2560",Auction,3 Beds,1 Bath,2 Parkings,565.4m² 
145,"19/5-7 Wheeler Parade, Dee Why NSW 2099","Price Guide: $470,000",1 Bed,1 Bath,− 0 Parkings,N/A
146,"42 Jenny Wren Place, East Albury NSW 2640","$480,000",3 Beds,2 Baths,2 Parkings,785m² 
147,"7 Brownlow Place, Ambarvale NSW 2560","$460,000 to $490,000",3 Beds,1 Bath,1 Parking,610m² 
148,"97A St Helens Park Drive, St Helens Park NSW 2560","$460,000 - $490,000",3 Beds,1 Bath,1 Parking,413m² 
149,"105B/4 Buller Street, Port Macquarie NSW 2444","$449,000",2 Beds,1 Bath,1 Parking,N/A
150,"131 Congewai Street, Aberdare NSW 2325","$450,000  - $480,000",3 Beds,1 Bath,4 Parkings,N/A
151,"36a Green Street , Tamworth NSW 2340","$449,000",4 Beds,4 Baths,4 Parkings,872.6m² 
152,"6/142 South Street, Tuncurry NSW 2428","$445,000",2 Beds,2 Baths,1 Parking,N/A
153,"2/58 Thorpe Avenue, Queanbeyan NSW 2620","$430,000 - $440,000",3 Beds,2 Baths,2 Parkings,N/A
154,"1/12 Wray Street, North Batemans Bay NSW 2536","$425,000",3 Beds,2 Baths,1 Parking,375m² 
155,"201/80 John Whiteway Drive, Gosford NSW 2250","$420,000 - $460,000",3 Beds,2 Baths,2 Parkings,N/A
156,"25 St Fagans Parade, Rutherford NSW 2320","$399,000",3 Beds,1 Bath,2 Parkings,952m² 
157,"445/80 John Whiteway Drive, Gosford NSW 2250","$395,000 - $430,000",2 Beds,2 Baths,1 Parking,N/A
158,"2/2 Emily Avenue, Port Macquarie NSW 2444",Auction Rydges 7th February @6:00pm,3 Beds,1 Bath,2 Parkings,464m² 
159,"11 Hawkes Drive, Oberon NSW 2787","$390,000 - $420,000",4 Beds,2 Baths,2 Parkings,N/A
160,"12B Justine Parade, Rutherford NSW 2320","$385,000",3 Beds,1 Bath,1 Parking,524.7m² 
161,"11/122 Pacific Drive, Port Macquarie NSW 2444","Auction 17th February, Rydges at 11:00am",3 Beds,1 Bath,1 Parking,N/A
162,"Moora Street, South Tamworth NSW 2340","$365,000",3 Beds,1 Bath,4 Parkings,588m² 
163,"2207/2208 2 Resort Drive, Coffs Harbour NSW 2450","$360,000  - $380,000",2 Beds,2 Baths,1 Parking,N/A
164,"15/12-18 Newth Place, Surf Beach NSW 2536","$359,000",2 Beds,1 Bath,1 Parking,N/A
165,"11 Wickham Street, Tamworth NSW 2340","$359,000",4 Beds,2 Baths,2 Parkings,601m² 
166,"3/358 Townsend  Street, Albury NSW 2640","$350,000",2 Beds,1 Bath,1 Parking,274m² 
167,"210 Mathieson Street, Bellbird Heights NSW 2325","$349,000",3 Beds,1 Bath,2 Parkings,597m² 
168,"18 ALAMEIN WALK, West Bathurst NSW 2795","$339,000",3 Beds,1 Bath,2 Parkings,436m² 
169,"310 STEWART STREET, Bathurst NSW 2795","$339,000",3 Beds,1 Bath,1 Parking,613m² 
170,"15 BEDDIE STREET, West Bathurst NSW 2795","$329,000",3 Beds,1 Bath,1 Parking,487m² 
171,"2 Stafford Street, Gundagai NSW 2722","$312,000",4 Beds,2 Baths,3 Parkings,N/A
172,"21B Woodlands Drive, Hallidays Point NSW 2430","$295,000","4,001m² ",N/A,0,N/A
173,"14/12 Waniassa Street, Queanbeyan East NSW 2620","$260,000 - $275,000",1 Bed,1 Bath,1 Parking,N/A
174,"26/37 Mulgoa Road, Penrith NSW 2750","$265,000 - $285,000",2 Beds,1 Bath,− 0 Parkings,N/A
175,"5/39 Thuralilly Street, Queanbeyan NSW 2620","$245,000",2 Beds,1 Bath,1 Parking,N/A
176,"Unit 4/104 Henderson Road, Crestwood NSW 2620","$235,000",2 Beds,1 Bath,1 Parking,N/A
177,"24/18-20 Booth Street, Queanbeyan East NSW 2620","$235,000 - $245,000",2 Beds,1 Bath,1 Parking,N/A
178,"1/13 Gilmore Place, Queanbeyan NSW 2620","$220,000",1 Bed,1 Bath,1 Parking,N/A
179,"182 Punch Street, Gundagai NSW 2722","$215,000",3 Beds,1 Bath,3 Parkings,N/A
180,"4/38 Hickey Street, Cessnock NSW 2325","$200,000",2 Beds,1 Bath,− 0 Parkings,N/A
181,"17 Edith St, West Tamworth NSW 2340","$179,000",3 Beds,1 Bath,1 Parking,N/A
182,"4/30-34 River Street, Oaks Estate ACT 2620","$170,000-$179,000",1 Bed,1 Bath,1 Parking,N/A
183,"9-25  commonwealth street, Sydney NSW 2000",Contact Agent,5 Beds,5 Baths,3 Parkings,N/A
184,"9-25 commonwealth street, Sydney NSW 2000",Contact Agent,3 Beds,2 Baths,1 Parking,N/A
185,"9-25 commonwealth street, Sydney NSW 2000",Contact Agent,2 Beds,2 Baths,− 0 Parkings,N/A
186,"9-25  commonwealth street, Sydney NSW 2000",Contact Agent,1 Bed,1 Bath,− 0 Parkings,N/A
187,"31a Yeramba Avenue, Caringbah South NSW 2229","Auction, unless sold prior",4 Beds,3 Baths,2 Parkings,N/A
188,"1 Mooltan Avenue, Macquarie Park NSW 2113",Contact Agent,2 Beds,2 Baths,1 Parking,N/A
189,"1 Mooltan Avenue, Macquarie Park NSW 2113",Contact Agent,1 Bed,1 Bath,1 Parking,N/A
190,"1 Mooltan Avenue, Macquarie Park NSW 2113",Contact Agent,1 Bed,1 Bath,− 0 Parkings,N/A
191,"901/1 Delhi Road, North Ryde NSW 2113",Contact Agent,3 Beds,2 Baths,2 Parkings,N/A
192,"1109/5 Delhi Road, North Ryde NSW 2113",Contact Agent,2 Beds,2 Baths,1 Parking,N/A
193,"CN5123 Fairwater Boulevard, Blacktown NSW 2148","$1,054,000",4 Beds,2 Baths,2 Parkings,N/A
194,"CN3303 Fairwater Boulevard, Blacktown NSW 2148","$932,000",4 Beds,3 Baths,2 Parkings,N/A
195,"CN3304 Fairwater Boulevard, Blacktown NSW 2148","$857,000",4 Beds,3 Baths,2 Parkings,N/A
196,"CN4314 Wedge Glade, Blacktown NSW 2148","$718,000",3 Beds,2 Baths,1 Parking,N/A
197,"8 Beckingham Road, Tumbi Umbi NSW 2261","$989,000",4 Beds,2 Baths,2 Parkings,N/A
198,"9-17 Howard Avenue, Dee Why NSW 2099","From $985,000 to $1,660,000",3 Beds,2 Baths,1 Parking,N/A
199,"9-17 Howard Avenue, Dee Why NSW 2099","From $890,000 to $1,765,000",2 Beds,2 Baths,1 Parking,N/A
200,"9-17 Howard Avenue, Dee Why NSW 2099","From $685,000 to $865,000",1 Bed,1 Bath,1 Parking,N/A
201,"120 Vista Avenue, Catalina NSW 2536","$949,000",5 Beds,3 Baths,2 Parkings,"5,272m² "
202,"4 GIN GIN CRESCENT, Ocean Shores NSW 2483","$895,000",4 Beds,2 Baths,2 Parkings,"2,204m² "
203,"22 Bluemoor Road, North Batemans Bay NSW 2536","$849,000",2ha ,N/A,0,N/A
204,"2 GREENBANK GROVE, Culburra Beach NSW 2540","$795,000",5 Beds,2 Baths,4 Parkings,"1,062m² "
205,"55 Cassia Lane, Woolgoolga NSW 2456","$795,000",425.5m² ,N/A,0,N/A
206,"Lot 1401 Windeyer Street, Mittagong NSW 2575","$775,000","4,000m² ",N/A,0,N/A
207,"Lot 1266 Challoner Rise, Mittagong NSW 2575","$625,000","2,055m² ",N/A,0,N/A
208,"Lot 9 Challoner Rise, Renwick NSW 2575","$620,000","2,840m² ",N/A,0,N/A
209,"Lot 3022 Sherwin Crescent, Renwick NSW 2575","$385,000",714.3m² ,N/A,0,N/A
210,"26 Durras Road, Durras North NSW 2536",Auction Sat 9th Feb 1:00pm,3 Beds,1 Bath,1 Parking,656.8m² 
211,"Lot 18 Oxley Ridge, Cobbitty NSW 2570",Contact Agent,4 Beds,2 Baths,1 Parking,314m² 
212,"Lot 13 Oxley Ridge, Cobbitty NSW 2570",Contact Agent,4 Beds,2 Baths,1 Parking,280m² 
213,"Lot 205 Oxley Ridge, Cobbitty NSW 2570",Contact Agent,4 Beds,2 Baths,1 Parking,225m² 
214,"Lot 203 Oxley Ridge, Cobbitty NSW 2570",Contact Agent,3 Beds,2 Baths,1 Parking,225m² 
215,"55 Market Street , Woolgoolga NSW 2456","$695,000",588.6m² ,N/A,0,N/A
216,"429 Verde Retreat, Port Macquarie NSW 2444","$669,000",614m² ,N/A,0,N/A
217,"4 Richwood Ridge, Port Macquarie NSW 2444","$659,000",3 Beds,2 Baths,2 Parkings,N/A
218,"72 Crestwood Drive, Port Macquarie NSW 2444","$649,000",3 Beds,2 Baths,2 Parkings,N/A
219,"429 Verde Retreat, Port Macquarie NSW 2444","$235,000",614m² ,N/A,0,N/A
220,"2 Laurina Place, Bewong NSW 2540","$675,000",3 Beds,2 Baths,6 Parkings,"4,003m² "
221,"772 Moore Creek Road, Tamworth NSW 2340","$659,000",5 Beds,2 Baths,6 Parkings,2ha 
222,"42 Sierra Avenue, Bateau Bay NSW 2261","$659,000",3 Beds,1 Bath,3 Parkings,582m² 
223,"3 Jular Place, Jamisontown NSW 2750","$589,000",3 Beds,1 Bath,2 Parkings,563m² 
224,"25 Napier Street, Tamworth NSW 2340","$579,000",5 Beds,2 Baths,2 Parkings,"1,170m² "
225,"Lot 5568 Grandstand Loop, Oran Park NSW 2570","$559,500",600.4m² ,N/A,0,N/A
226,"Lot 5534 Power Ridge, Oran Park NSW 2570","$549,500",630m² ,N/A,0,N/A
227,"Lot 5539 Lowndes Drive, Oran Park NSW 2570","$548,500",630m² ,N/A,0,N/A
228,"Lot 5566 Grandstand Loop, Oran Park NSW 2570","$535,500",520.5m² ,N/A,0,N/A
229,"201/201/ 18-20 Manning  Street, Tuncurry NSW 2428","$549,000",2 Beds,2 Baths,1 Parking,N/A
230,"Lot 4337, Campbelltown NSW 2560","$540,000",634.4m² ,N/A,0,N/A
231,"Lot 4462, Campbelltown NSW 2560","$455,000",478.1m² ,N/A,0,N/A
232,"Lot 4504, Campbelltown NSW 2560","$420,000",528.1m² ,N/A,0,N/A
233,"Lot 4366, Campbelltown NSW 2560","$410,000",466.5m² ,N/A,0,N/A
234,"205/25-31  Hope Street , Penrith NSW 2750",Contact Agent,2 Beds,2 Baths,1 Parking,N/A
235,"4/34 Argyle Street, Vincentia NSW 2540","$520,000",2 Beds,1 Bath,1 Parking,135m² 
236,"2/39 Hume Boulevard, Killarney Vale NSW 2261","$499,000",2 Beds,1 Bath,1 Parking,N/A
237,"11 Clare Crescent, Batehaven NSW 2536","$399,000",3 Beds,2 Baths,2 Parkings,556m² 
238,"48 Phillip Street, Tamworth NSW 2340","$369,000",3 Beds,1 Bath,1 Parking,766m² 
239,"20 Mathews Street, Tamworth NSW 2340","$333,000",3 Beds,1 Bath,2 Parkings,563m² 
240,Hallidays Point NSW 2430,"$309,000",721.9m² ,N/A,0,N/A
241,"102 Lifestyle Drive, Singleton NSW 2330","$305,000 - $335,000","8,053m² ",N/A,0,N/A
242,"118 Lifestyle Drive, Singleton NSW 2330","$305,000 - $335,000","8,010m² ",N/A,0,N/A
243,"119 Lifestyle Drive, Singleton NSW 2330","$305,000 - $335,000","8,010m² ",N/A,0,N/A
244,"120 Lifestyle Drive, Singleton NSW 2330","$305,000 to $335,000",N/A,N/A,0,N/A
245,"Archibald, Stables Way, Port Macquarie NSW 2444","$255,000 to $280,500",585m² ,N/A,0,N/A
246,"The Point Drive, Port Macquarie NSW 2444","$225,000 to $247,500",N/A,N/A,0,N/A
247,"Lot 329 Cohen Way, Stirling Green, Port Macquarie NSW 2444","$237,000",558m² ,N/A,0,N/A
248,"Lot 20 Assembly Close, College Rise, Port Macquarie NSW 2444","$234,000",560m² ,N/A,0,N/A
249,"Lot 8  Seminar Street, College Rise, Port Macquarie NSW 2444","$232,000",540m² ,N/A,0,N/A
250,"Lot 337 Cohen Way, Stirling Green, Port Macquarie NSW 2444","$225,000",511.6m² ,N/A,0,N/A
251,"9 Yangoora Street, South Tamworth NSW 2340",Contact Agent,3 Beds,1 Bath,2 Parkings,610m² 
252,"4301/129-135 Harrington Street, Sydney NSW 2000",Contact agent,5 Beds,7 Baths,3 Parkings,N/A
253,"2203/168 Kent Street, Sydney NSW 2000","Price guide: $5,100,000 - $5,300,000",3 Beds,2 Baths,2 Parkings,N/A
254,"13 Beaverdale Place, Tumbi Umbi NSW 2261",Contact agent,5 Beds,5 Baths,4 Parkings,9995.7353574m² 
255,"3201/129-135 Harrington Street, Sydney NSW 2000",Contact Agent,3 Beds,2 Baths,2 Parkings,N/A
256,"199 Coolangatta Road, Far Meadow NSW 2535",Contact Agent,6 Beds,5 Baths,6 Parkings,5.87ha 
257,"312 Elizabeth Drive, Vincentia NSW 2540","$2,650,000 to $2,850,000",6 Beds,4 Baths,− 0 Parkings,993m² 
258,"62 Parthenia Street, Dolans Bay NSW 2229",Price on request,4 Beds,3 Baths,2 Parkings,"1,100m² "
259,"212 Beach Road, Berry NSW 2535",Contact Agent,4 Beds,3 Baths,4 Parkings,"6,816m² "
260,"32 Old Pioneer Crest, Berry NSW 2535",For Sale,3 Beds,2 Baths,2 Parkings,2ha 
261,"67 Hall Street, Pitt Town NSW 2756",New to the market,5 Beds,4 Baths,5 Parkings,"2,026m² "
262,"505/38 Hickson Road, Millers Point NSW 2000","$2,395,000",3 Beds,2 Baths,2 Parkings,N/A
263,"146 Elizabeth Drive, Vincentia NSW 2540","$2,200,000 to $2,400,000",4 Beds,3 Baths,2 Parkings,961m² 
264,"40 Daley Close, The Oaks NSW 2570","$2,195,000",2.43ha ,N/A,0,N/A
265,"42 Cork Street, Gundaroo NSW 2620",Price on request,− 0 Beds,1 Bath,− 0 Parkings,N/A
266,"50 Old Hawkesbury  Road, Mcgraths Hill NSW 2756",Expressions of Interest,4 Beds,3 Baths,2 Parkings,2ha 
267,"13 Diggers Headland Place, Coffs Harbour NSW 2450","$1,999,000-$2,199,000",5 Beds,2 Baths,3 Parkings,879.8m² 
268,"5 Orchard Way, Pitt Town NSW 2756",Offers,5 Beds,3 Baths,2 Parkings,"2,000m² "
269,"72 Paterson Road, Bolwarra NSW 2320",Expressions Of Interest - Closing 18th Jan 4.00pm,5 Beds,4 Baths,6 Parkings,2.73ha 
270,"72 Paterson Road, Bolwarra NSW 2320",Expressions Of Interest - Closing 18th Jan 4.00pm,5 Beds,4 Baths,2 Parkings,"27,310m² "
271,"18/40 Solitary Islands Way, Sapphire Beach NSW 2450","$1,850,000  - $1,950,000",6 Beds,4 Baths,4 Parkings,N/A
272,"22b David  Avenue, Caringbah South NSW 2229",For Sale,5 Beds,3 Baths,2 Parkings,N/A
273,"2 BOOYUN STREET, Brunswick Heads NSW 2483",UPCOMING AUCTION,3 Beds,1 Bath,4 Parkings,506m² 
274,"370 Crossmaglen Road, Bonville NSW 2450","$1,750,000",17.1ha ,N/A,0,N/A
275,"34/137 Bathurst Street, Sydney NSW 2000",Auction,3 Beds,2 Baths,1 Parking,N/A
276,"1-3 Avalon Street, Batemans Bay NSW 2536","$1,585,000",14 Beds,8 Baths,9 Parkings,"1,918m² "
277,"40 Ocean Street, Woolgoolga NSW 2456",Price on request,5 Beds,4 Baths,3 Parkings,N/A
278,"124 Caringbah Road, Caringbah South NSW 2229",Forthcoming Auction (unless sold prior),4 Beds,3 Baths,2 Parkings,N/A
279,Lilli Pilli NSW 2229,For Sale,4 Beds,2 Baths,1 Parking,N/A
280,"42 Jenners Lane, Tamworth NSW 2340","$1,550,000",40.47ha ,N/A,0,N/A
281,"2 Katungal Street, Bateau Bay NSW 2261","$1,500,000",4 Beds,4 Baths,4 Parkings,N/A
282,"473 Townsend  Street, Albury NSW 2640","Tender closing 4pm, 30 January 2019",3 Beds,1 Bath,12 Parkings,860m² 
283,"120/30-40 George Street, Leichhardt NSW 2040","For Sale $1,500,000",2 Beds,2 Baths,1 Parking,N/A
284,"2 Terrace Street, New Brighton NSW 2483","$1,500,000-$1,650,000",3 Beds,2 Baths,1 Parking,620m² 
285,"72 Bong Bong Road, Mittagong NSW 2575","Price Guide: $1,495,000",5 Beds,2 Baths,2 Parkings,"4,000m² "
286,"288 Cape Hawke Drive, Forster NSW 2428","$1,420,000",4 Beds,2 Baths,2 Parkings,"7,368m² "
287,"458 Byrrill Creek Road, Byrrill Creek NSW 2484","$1,395,000",5 Beds,3 Baths,4 Parkings,72.75ha 
288,"120 Johnston Road, Albury NSW 2640","$1,350,000",5 Beds,3 Baths,3 Parkings,"4,124m² "
289,"266 Deasys Road, Pokolbin NSW 2320",EXPRESSIONS OF INTEREST,20.23ha ,N/A,0,N/A
290,"165 Congewai Road, Congewai NSW 2325",EXPRESSIONS OF INTEREST,2.02ha ,N/A,0,N/A
291,"111 Taree Street, Tuncurry NSW 2428","$1,350,000",4 Beds,2 Baths,3 Parkings,N/A
292,"40 Mistletoe Lane, Pokolbin NSW 2320",EXPRESSIONS OF INTEREST,8.09ha ,N/A,0,N/A
293,"46B Farrington Parade, North Ryde NSW 2113",Auction Sat 9th Feb 2:00pm,4 Beds,2 Baths,2 Parkings,N/A
294,"42 Severne Street, Greenleigh NSW 2620","$1,300,000",4 Beds,2 Baths,4 Parkings,"9,382m² "
295,"89 Torrens Street, Canley Heights NSW 2166",AUCTION ON SITE 9/2/2019 AT 1PM,5 Beds,2 Baths,2 Parkings,557m² 
296,"28 Red Ash Road, Sapphire Beach NSW 2450","$1,295,000",4 Beds,3 Baths,3 Parkings,665m² 
297,"9 Stephen Street, Forster NSW 2428","$1,260,000",4 Beds,2 Baths,1 Parking,N/A
298,"1 Tulip Street, Hyams Beach NSW 2540",OFFERS INVITED,2 Beds,2 Baths,2 Parkings,436m² 
299,"137 Dry Creek Road, Ellalong NSW 2325","$1,250,000 - $1,350,000",40ha ,N/A,0,N/A
300,"154 LONDONS Road, Lovedale NSW 2325",Neg Range $1.25 to $1.35 mill,5 Beds,3 Baths,5 Parkings,10.12ha 
301,"1153 Captains Flat Road, Carwoola NSW 2620",Price on request,4 Beds,2 Baths,8 Parkings,6.02ha 
302,"144 Greville Avenue, Sanctuary Point NSW 2540",Contact Agent,7 Beds,6 Baths,2 Parkings,"1,005m² "
303,"104 Faviell Drive, Bonville NSW 2450","$1,200,000  - $1,300,000",6 Beds,4 Baths,6 Parkings,1.03ha 
304,"Lot 55 James Farmer Grove, Woollamia NSW 2540",Offers Invited,2 Beds,1 Bath,2 Parkings,44.52ha 
305,"40A & 40B Ocean Street, Woolgoolga NSW 2456","$1,200,000  - $1,300,000",4 Beds,3 Baths,2 Parkings,N/A
306,"31 Richmond Drive, Coffs Harbour NSW 2450","$1,195,000",4 Beds,3 Baths,2 Parkings,436m² 
307,"12 Myamba Parade, Surfside NSW 2536",Auction,4 Beds,2 Baths,4 Parkings,556m² 
308,"12 Fosters Lane, Burra NSW 2620","$1,185,000",4.21ha ,N/A,0,N/A
309,"1671 Murrumbateman Road, Gundaroo NSW 2620","$1,175,000.00",48.5ha ,N/A,0,N/A
310,"8 Binowee Drive, Googong NSW 2620","$1,175,000 - $1,275,000",5 Beds,3 Baths,5 Parkings,N/A
311,"15 Rocky Waterholes Road, Hill Top NSW 2575","$1,170,000 - $1,300,000",5 Beds,2 Baths,7 Parkings,2.02ha 
312,"11 Henshaw Street, Googong NSW 2620","$1,150,000",5 Beds,2 Baths,2 Parkings,698m² 
313,"155 Blackmans Point Road, Port Macquarie NSW 2444","$1,150,000",40.47ha ,N/A,0,N/A
314,"1001/21-25 Wallis Street, Forster NSW 2428","$1,150,000",3 Beds,2 Baths,2 Parkings,N/A
315,"43 Nightingale Street, Woolgoolga NSW 2456","$1,150,000  - $1,220,000",6 Beds,3 Baths,3 Parkings,676m² 
316,"59 Poppet Road, Wamboin NSW 2620","$1,150,000",8.09ha ,N/A,0,N/A
317,"23 Severne Street, Greenleigh NSW 2620","$1,125,000 - $1,200,000",4 Beds,3 Baths,2 Parkings,1.01ha 
318,"4/56 Wicks Road, North Ryde NSW 2113","$1,100,000 - $1,150,000",3 Beds,1 Bath,1 Parking,108m² 
319,"476A Brogers Creek Road, Berry NSW 2535","$1,100,000",2.39ha ,N/A,0,N/A
320,"13/109-113 Denman Avenue, Caringbah NSW 2229","$1,050,000",3 Beds,2 Baths,2 Parkings,198m² 
321,"3 Wallami Street, Caringbah South NSW 2229",Price on request,3 Beds,1 Bath,1 Parking,575m² 
322,"2 Player Parade, Ocean Shores NSW 2483","Price Guide $1,050,000-$1,150,000",4 Beds,3 Baths,3 Parkings,796m² 
323,"18 San Simeon Circuit, Sapphire Beach NSW 2450","$1,100,000",6 Beds,3 Baths,4 Parkings,679m² 
324,"94-96 Warwick Park Rd, Wooyung NSW 2483",Expressions of Interest,5 Beds,2 Baths,2 Parkings,3.94ha 
325,"4 Hawksview  Road, Wirlinga NSW 2640","Tender closing 4pm, 7 February 2019",4 Beds,2 Baths,2 Parkings,"8,093m² "
326,"50 Renwick Drive, Renwick NSW 2575","$995,000 - $1,050,000",4 Beds,2 Baths,2 Parkings,640m² 
327,"12 Remembrance Close, Coffs Harbour NSW 2450","$995,000",6 Beds,3 Baths,2 Parkings,841m² 
328,"1/42 Elizabeth Drive, Vincentia NSW 2540","$995,000",3 Beds,2 Baths,1 Parking,282m² 
329,"19 Ocean Ridge Terrace, Port Macquarie NSW 2444",Expressions of Interest closes on 6/2/19,5 Beds,3 Baths,2 Parkings,742m² 
330,Tascott NSW 2250,Contact Agent,4 Beds,2 Baths,2 Parkings,"1,258m² "
331,"10A Bunya Close, Braemar NSW 2575","Price Guide $960,000",4 Beds,2 Baths,2 Parkings,"1,745m² "
332,"5A, 5-7 Sanctuary Place, Catalina NSW 2536","$949,000",4 Beds,3 Baths,3 Parkings,472m² 
333,"8 Stephenson Close, Rainbow Flat NSW 2430","$950,000 - $970,000",4 Beds,2 Baths,8 Parkings,1.82ha 
334,"49 Whiskers Creek Road, Carwoola NSW 2620","$950,000 - $980,000",5 Beds,3 Baths,6 Parkings,160983.9483876m² 
335,"83 Craigend Street, Leura NSW 2780","Price Guide: $950,000 - $1,045,000",3 Beds,2 Baths,2 Parkings,"1,360m² "
336,"41 Balmoral Road, Leura NSW 2780","$939,000 - $969,000",3 Beds,2 Baths,1 Parking,742m² 
337,"213 Bolwarra Park Drive, Bolwarra Heights NSW 2320","$929,000",4 Beds,2 Baths,2 Parkings,"2,081m² "
338,"7 Kangaroo Valley Road, Berry NSW 2535",FOR SALE,4 Beds,3 Baths,2 Parkings,773m² 
339,"6 Severne Street, Greenleigh NSW 2620","$920,000 - $950,000",4 Beds,3 Baths,1 Parking,"4,380m² "
340,"21 Silky Oak Drive, Aberglasslyn NSW 2320",PRD PREVIEW,4 Beds,2 Baths,10 Parkings,"4,000m² "
341,"6237 Wisemans Ferry Rd, Gunderman NSW 2775","$895,000",3 Beds,3 Baths,4 Parkings,700m² 
342,"17 Oxley Drive, Mittagong NSW 2575","Price Guide $895,000",4 Beds,3 Baths,1 Parking,N/A
343,"8 Brushbox Place, Batehaven NSW 2536","$890,000 - $920,000",4 Beds,2 Baths,2 Parkings,"8,401m² "
344,"515 Tinderry Road, Michelago NSW 2620","$885,000",4 Beds,2 Baths,7 Parkings,2.02ha 
345,"78 Hill Street, Broke NSW 2330",EXPRESSIONS OF INTEREST,10.93ha ,N/A,0,N/A
346,"38 Cordeaux Street, Willow Vale NSW 2575","Price guide $880,000",4 Beds,2 Baths,2 Parkings,"2,789m² "
347,"1 &amp; 2/7 Colliton Parade, Forster NSW 2428","$879,000",5 Beds,2 Baths,2 Parkings,N/A
348,"33 Sea Foam Avenue, Thirroul NSW 2515",Contact Agent,2 Beds,1 Bath,2 Parkings,613m² 
349,"17 Tranquil Bay Place, Rosedale NSW 2536","$850,000",4 Beds,2 Baths,2 Parkings,"1,300m² "
350,Jamisontown NSW 2750,"JUST LISTED  $850,000-$890,000",7 Beds,3 Baths,2 Parkings,629m² 
351,"40 Tree Street, Murwillumbah NSW 2484","Guide $820,000 -  $875,000",5 Beds,3 Baths,4 Parkings,2.71ha 
352,"503/28 North Street, Forster NSW 2428","$799,000",2 Beds,1 Bath,1 Parking,N/A
353,"47 Brougham St, Emu Plains NSW 2750","$799,000",3 Beds,2 Baths,4 Parkings,809m² 
354,South Windsor NSW 2756,AUCTION,3 Beds,1 Bath,2 Parkings,895m² 
355,"528 Affleck  Street, Albury NSW 2640","Tender closing 4pm, 5 February 2019",4 Beds,2 Baths,2 Parkings,770m² 
356,"199 Bolwarra Park Drive, Bolwarra Heights NSW 2320",Contact Agent,4 Beds,2 Baths,2 Parkings,"2,059m² "
357,"310/23 Pacific Parade, Dee Why NSW 2099","Auction, price  guide $795,000",2 Beds,2 Baths,1 Parking,N/A
358,"27 Adelaide Street, Tumbi Umbi NSW 2261","$795,000 - $835,000",4 Beds,2 Baths,6 Parkings,464m² 
359,"36 Gordon Road, Long Jetty NSW 2261",Auction,3 Beds,1 Bath,1 Parking,897m² 
360,"20 Hinchinbrook, Thurgoona NSW 2640",FOR SALE,4 Beds,2 Baths,4 Parkings,"1,429m² "
361,"44 Orient Street, Willow Vale NSW 2575","Price Guide $788,000",5 Beds,3 Baths,4 Parkings,"1,394m² "
362,"9 Curzon Avenue, Bateau Bay NSW 2261","Auction (Guide $785,000) 1.30pm Sat 16 Feb 2019",5 Beds,3 Baths,2 Parkings,550m² 
363,"1/379 Lawrence Hargrave Drive, Thirroul NSW 2515","Price guide $785,000",3 Beds,2 Baths,1 Parking,N/A
364,"1 Hunterglen Drive, Bolwarra Heights NSW 2320",PRD PREVIEW,4 Beds,2 Baths,2 Parkings,"1,418m² "
365,"24 Beelar Street, Canley Heights NSW 2166",CONTACT AGENT,3 Beds,1 Bath,1 Parking,556m² 
366,"13 Wangara Crescent, Queanbeyan West NSW 2620",AUCTION,4 Beds,2 Baths,3 Parkings,830m² 
367,"18 Bonarba Link, Googong NSW 2620","$780,000",4 Beds,2 Baths,2 Parkings,568m² 
368,"6 Martin St, Katoomba NSW 2780","$780,000 to $820,000",4 Beds,2 Baths,1 Parking,"1,012m² "
369,"1 The Sand Trap, Tallwoods Village NSW 2430","$779,000",3 Beds,3 Baths,3 Parkings,857m² 
370,"1/139 Pacific Parade, Dee Why NSW 2099",Price on request,2 Beds,1 Bath,1 Parking,N/A
371,"40/1-15 Tuckwell Place, Macquarie Park NSW 2113","Guide $770,000",2 Beds,1 Bath,1 Parking,N/A
372,"71 North Steyne Road, Woodbine NSW 2560",Deadline Sale - Ends 5pm 15th January,4 Beds,3 Baths,2 Parkings,"1,038m² "
373,"Cnr Peel & Kent Street, Tuncurry NSW 2428",POA,3 Beds,2 Baths,2 Parkings,N/A
374,"15 Nargoon Court, Ocean Shores NSW 2483",Contact Agent,3 Beds,2 Baths,2 Parkings,955m² 
375,"2 Dale Place, Rosedale NSW 2536","$749,000",3 Beds,1 Bath,1 Parking,607m² 
376,"32 Curzon Avenue, Bateau Bay NSW 2261",Contact agent,4 Beds,2 Baths,2 Parkings,569m² 
377,"72 Singleton Rd, Wisemans Ferry NSW 2775","$748,000",2 Beds,1 Bath,3 Parkings,"4,799m² "
378,"11 Patsys Flat Road, Smiths Lake NSW 2428","$745,000",3 Beds,2 Baths,2 Parkings,556m² 
379,"28 Allan Street, Lorn NSW 2320","Negotiable Range $745,000 - 765,000",3 Beds,1 Bath,3 Parkings,544m² 
380,"77 Blairs Road, Long Beach NSW 2536","$740,000",4 Beds,2 Baths,2 Parkings,820.4m² 
381,"39 Montgomery Ave, Googong NSW 2620","$739,900",4 Beds,2 Baths,2 Parkings,N/A
382,"10 Wattle Street, Blacktown NSW 2148","$730,000  - $770,000",4 Beds,2 Baths,3 Parkings,562.8m² 
383,"112 Hutchinson Place, Burra NSW 2620","$725,000",3 Beds,1 Bath,3 Parkings,N/A
384,"27 Orr Street, Port Macquarie NSW 2444","Price Guide $725,000",3 Beds,2 Baths,3 Parkings,727m² 
385,"19/75 Pacific Parade, Dee Why NSW 2099","For Sale $720,000",3 Beds,1 Bath,1 Parking,N/A
386,"3 Dunshea Place, Guildford NSW 2161","$719,950",3 Beds,1 Bath,2 Parkings,556.4m² 
387,"87 Mitre Street, Bathurst NSW 2795","$699,000",4 Beds,2 Baths,1 Parking,573.8m² 
388,"9 William Cox Drive, Richmond NSW 2753","Now $700,000 to $720,000",4 Beds,2 Baths,1 Parking,554m² 
389,"16 Woodbine Close, Lisarow NSW 2250",Auction 2.30pm Sat 16 Feb 2019,4 Beds,2 Baths,2 Parkings,"1,230m² "
390,"38 Carramar Drive, Lilli Pilli NSW 2536","$698,000",3 Beds,2 Baths,3 Parkings,600m² 
391,"7 Oakwood Way, Catalina NSW 2536","$695,000 - $725,000",4 Beds,3 Baths,4 Parkings,"1,012m² "
392,"8 Hazelwood Street, Karabar NSW 2620","$695,000",4 Beds,2 Baths,− 0 Parkings,898m² 
393,"10/6 Oxford Street, Mittagong NSW 2575","Price Guide $695,000",3 Beds,2 Baths,2 Parkings,380m² 
394,"8 Station Road, Mittagong NSW 2575","Price Guide $695,000",4 Beds,2 Baths,2 Parkings,"1,467m² "
395,"27 Nimbus Place, Karabar NSW 2620","$695,000 - $715,000",4 Beds,2 Baths,2 Parkings,846m² 
396,"99 George Road, Wilberforce NSW 2756",JUST LISTED,3 Beds,1 Bath,6 Parkings,"1,021m² "
397,"282 Settlers Rd, Lower Macdonald NSW 2775","Offers over $670,000",2 Beds,2 Baths,5 Parkings,1.29ha 
398,"3 Crown Close, Tarbuck Bay NSW 2428","$675,000",4 Beds,2 Baths,2 Parkings,N/A
399,"90 Pullmans Road, Tamworth NSW 2340","$672,000",40.06ha ,N/A,0,N/A
400,"10 Blackall Avenue, Crestwood NSW 2620","$679,000",3 Beds,1 Bath,1 Parking,N/A
401,"11 Mariko Place, Blacktown NSW 2148",Expressions of Interest,3 Beds,2 Baths,2 Parkings,N/A
402,"4/11 The Portico, Port Macquarie NSW 2444","$689,000",3 Beds,2 Baths,2 Parkings,N/A
403,"17 Irene Avenue, Queanbeyan NSW 2620","$660,000",5 Beds,2 Baths,2 Parkings,733m² 
404,"128 Madagascar Drive, Kings Park NSW 2148",Just Listed | Josh Tesolin,3 Beds,1 Bath,1 Parking,557m² 
405,"95 Thomas Royal Gardens, Queanbeyan NSW 2620","$655,000",4 Beds,2 Baths,2 Parkings,466m² 
406,"682 Stedman Crescent, Albury NSW 2640",Forthcoming Auction,5 Beds,3 Baths,2 Parkings,999.1m² 
407,"10 Goiser Loop, Googong NSW 2620","$650,000 - $680,000",4 Beds,2 Baths,2 Parkings,450m² 
408,"12 Goiser Loop, Googong NSW 2620","$650,000 - $680,000",4 Beds,3 Baths,2 Parkings,450m² 
409,"76 Vista Avenue, Catalina NSW 2536","$649,000",4 Beds,2 Baths,3 Parkings,645m² 
410,"17 Irene Avenue, Queanbeyan NSW 2620","$650,000",5 Beds,2 Baths,2 Parkings,733m² 
411,"3/7 Chatham Street, Pitt Town NSW 2756","$650,000 - $715,000",3 Beds,2 Baths,2 Parkings,N/A
412,"10 Kiandra Crescent, Yerrinbool NSW 2575","Price Guide $650,000",3 Beds,1 Bath,− 0 Parkings,"4,044m² "
413,"33 Litchfield Drive, Thurgoona NSW 2640","$649,000",4 Beds,2 Baths,2 Parkings,"1,259m² "
414,"35 Warrambool Road, Ocean Shores NSW 2483","$649,000",3 Beds,1 Bath,1 Parking,885m² 
415,"5 Hilltop Avenue, Blacktown NSW 2148",Expressions of Interest,4 Beds,2 Baths,3 Parkings,N/A
416,"41 Currawong Drive, Port Macquarie NSW 2444","$649,000 - $679,000",4 Beds,2 Baths,2 Parkings,679m² 
417,"73 Whitehall Avenue, Albury NSW 2640","$639,000",4 Beds,2 Baths,3 Parkings,"1,512m² "
418,"5 Bede Lawrence Close, Frederickton NSW 2440","$639,000",3 Beds,2 Baths,6 Parkings,1.01ha 
419,"25 Stayard Drive, Bolwarra Heights NSW 2320","Negotiable Range $639,000 - 665,000",5 Beds,2 Baths,3 Parkings,735m² 
420,"17 Pine Street, Katoomba NSW 2780","Price Guide: $635,000 - $675,000",3 Beds,1 Bath,1 Parking,750m² 
421,"2 Middle Street, Sutton NSW 2620","$650,000",4 Beds,2 Baths,2 Parkings,808m² 
422,"166 Yelgun Road, Yelgun NSW 2483","$630,000",3 Beds,1 Bath,3 Parkings,"1,027m² "
423,"6 Patrick Brick Court, Queanbeyan East NSW 2620","$628,000",4 Beds,2 Baths,2 Parkings,448m² 
424,"13 Coomonderry Street, Katoomba NSW 2780","Price Guide: $625,000 to $665,000",3 Beds,1 Bath,1 Parking,N/A
425,"99 Cascade Street, Katoomba NSW 2780","$625,000",3 Beds,1 Bath,1 Parking,526m² 
426,"120 McMillan Drive, Blackmans Point NSW 2444","$630,000",10.12ha ,N/A,0,N/A
427,"93 Maliwa Road, Narara NSW 2250","$610,000 - $630,000",3 Beds,1 Bath,2 Parkings,493m² 
428,"1/43 Isabella Street, Queanbeyan NSW 2620","$610,000 - $625,000",3 Beds,2 Baths,2 Parkings,200m² 
429,"19 Cook Street, Mittagong NSW 2575","Price guide $610,000 - $650,000",4 Beds,1 Bath,2 Parkings,"1,158m² "
430,"1/43 Isabella Street, Queanbeyan NSW 2620","$610,000 - $625,000",3 Beds,2 Baths,2 Parkings,200m² 
431,"54 The Southern Parkway, Forster NSW 2428","$599,000",4 Beds,2 Baths,2 Parkings,528m² 
432,"2B Baker Drive, Crescent Head NSW 2440","$599,000",3 Beds,1 Bath,1 Parking,N/A
433,"207 Lieutenant Bowen Drive, Bowen Mountain NSW 2753","$600,000 - $640,000",4 Beds,2 Baths,2 Parkings,695.6m² 
434,"84 Malison Street, Wyoming NSW 2250",Just Listed,4 Beds,2 Baths,2 Parkings,689m² 
435,"238 Kerr Road, Thurgoona NSW 2640","$599,000",4 Beds,2 Baths,2 Parkings,"1,451m² "
436,"43  Railway Parade, Katoomba NSW 2780","$600,000 to $645,000",3 Beds,1 Bath,1 Parking,"1,119m² "
437,"3 Kingslea Place, Canley Heights NSW 2166",AUCTION,3 Beds,1 Bath,1 Parking,506m² 
438,"54 Crest Road, Crestwood NSW 2620",Auction on 08/12/2018 at 12:30PM,3 Beds,1 Bath,4 Parkings,892m² 
439,"8 Tucana Place, Forster NSW 2428","$589,000",3 Beds,2 Baths,2 Parkings,520m² 
440,"14 Naylor Street, Crestwood NSW 2620","$589,000",4 Beds,2 Baths,2 Parkings,634m² 
441,"16 Archibald Street, Port Macquarie NSW 2444","$585,000",4 Beds,2 Baths,2 Parkings,535m² 
442,"18 Warramunga Avenue, Tamworth NSW 2340","$580,000",4 Beds,2 Baths,2 Parkings,860m² 
443,"8 Kennewell Parade, Tuncurry NSW 2428","$579,000 - $599,000",3 Beds,2 Baths,2 Parkings,792m² 
444,"53 Munro Road, Crestwood NSW 2620","$575,000 - $590,000",3 Beds,1 Bath,2 Parkings,639m² 
445,"305/2 Little Street, Forster NSW 2428","$575,000",2 Beds,2 Baths,1 Parking,N/A
446,"4 Mount Pleasant Grove, Cessnock NSW 2325","PRICE RANGE: $575,000 - $595,000",4 Beds,2 Baths,2 Parkings,937m² 
447,"19 Waminda Avenue, Campbelltown NSW 2560","Price Guide $570,000 - $620,000",4 Beds,1 Bath,2 Parkings,638m² 
448,"9 Greenwood Grove, Rutherford NSW 2320",PRD PREVIEW,4 Beds,2 Baths,3 Parkings,848m² 
449,"102 Mt Pleasant Drive, Googong NSW 2620","$570,000  - $610,000",N/A,N/A,0,N/A
450,"17 Canning Crescent, Sunshine Bay NSW 2536","$569,000",4 Beds,2 Baths,2 Parkings,933m² 
451,"5 Wisteria Place, Port Macquarie NSW 2444","$569,000",3 Beds,2 Baths,2 Parkings,777m² 
452,"83 Kareela Ave, Penrith NSW 2750","$565,000",4 Beds,1 Bath,2 Parkings,N/A
453,"15 Haven Place, Batehaven NSW 2536","$565,000",3 Beds,2 Baths,2 Parkings,"1,714m² "
454,"58 Harrier Parade, Tamworth NSW 2340","$565,000",4 Beds,3 Baths,3 Parkings,N/A
455,"74 Church Street, Maitland NSW 2320","$565,000",4 Beds,2 Baths,1 Parking,456m² 
456,"3 Mowle Street, Googong NSW 2620","$556,000- $576,000",3 Beds,2 Baths,2 Parkings,316m² 
457,"8 Fourth Avenue, Katoomba NSW 2780","$555,000",3 Beds,1 Bath,1 Parking,699m² 
458,"95 Ross Road, Crestwood NSW 2620","$550,000-$570,000",3 Beds,1 Bath,3 Parkings,696m² 
459,"19 Elouera Close, Lilli Pilli NSW 2536","$549,000",4 Beds,2 Baths,1 Parking,"1,032m² "
460,"12 Gadara Drive, South Penrith NSW 2750",OFFERS INVITED - CONTACT AGENT,3 Beds,1 Bath,− 0 Parkings,911m² 
461,"51-53 Kildare Road, Blacktown NSW 2148",FINAL RELEASE | INSPECT NOW,2 Beds,2 Baths,1 Parking,N/A
462,"3 Patrick Brick Court, Queanbeyan NSW 2620","$545,000  - $560,000",3 Beds,2 Baths,2 Parkings,460m² 
463,"4/5 Arthur Street, Queanbeyan NSW 2620","$540,000 - $560,000",3 Beds,2 Baths,2 Parkings,248m² 
464,"1/31 Bent Street, Tuncurry NSW 2428","$540,000",3 Beds,2 Baths,2 Parkings,N/A
465,"19/68 Courallie Avenue, Homebush West NSW 2140","$539,000",2 Beds,1 Bath,1 Parking,N/A
466,"180 Wyong Road, Killarney Vale NSW 2261","Price Guide $550,000",3 Beds,1 Bath,3 Parkings,626m² 
467,"6 Baird Street, Tuncurry NSW 2428","$535,000",3 Beds,2 Baths,2 Parkings,N/A
468,"52 South Street, Katoomba NSW 2780","$535,000",3 Beds,2 Baths,2 Parkings,727m² 
469,"21 Balaclava Street, Mittagong NSW 2575","$530,000",3 Beds,1 Bath,− 0 Parkings,929m² 
470,"10 Greenoaks Road, Narara NSW 2250","$530,000-$570,000",3 Beds,1 Bath,1 Parking,N/A
471,"24 Herarde Street, Batemans Bay NSW 2536","$529,000",3 Beds,1 Bath,2 Parkings,626m² 
472,"6 Mayfair Court, West Albury NSW 2640","$550,000",3 Beds,2 Baths,2 Parkings,"1,869m² "
473,"2/48 Atkinson Street, Queanbeyan East NSW 2620","$525,000",3 Beds,2 Baths,2 Parkings,N/A
474,"1/48 Atkinson Street, Queanbeyan East NSW 2620","$525,000",3 Beds,2 Baths,2 Parkings,N/A
475,"403/1a Delmar Parade, Dee Why NSW 2099","For Sale | Guide $525,000",1 Bed,1 Bath,1 Parking,64m² 
476,"420 Bent Street, South Grafton NSW 2460",SALE,4 Beds,2 Baths,4 Parkings,"4,000m² "
477,"26 Lagoon Avenue, Bolwarra NSW 2320","Price Guide $520,000 - $540,000",3 Beds,2 Baths,2 Parkings,379m² 
478,"26 Lagoon Avenue, Bolwarra NSW 2320","NEG RANGE $520,000 - $540,000",3 Beds,2 Baths,2 Parkings,N/A
479,"21 Montebar Row, Karabar NSW 2620","$529,00 - $549,000",3 Beds,1 Bath,2 Parkings,649m² 
480,"9 Nathan Close, Tamworth NSW 2340","$510,000",4 Beds,2 Baths,2 Parkings,1.09ha 
481,"31 Country Club Drive, Catalina NSW 2536","$499,000",4 Beds,2 Baths,4 Parkings,689m² 
482,"3/11 Reddan Avenue, Penrith NSW 2750","$500,000 - $550,000",3 Beds,2 Baths,1 Parking,N/A
483,"17 Blackwood Avenue, Cessnock NSW 2325","$500,000 - $520,000",5 Beds,2 Baths,3 Parkings,744m² 
484,"8 Great Western Highway, Leura NSW 2780","FIRST RELEASE: $495,000 - $545,000",2 Beds,2 Baths,1 Parking,N/A
485,"68 Palana Street, Surfside NSW 2536","$499,000",4 Beds,2 Baths,1 Parking,607m² 
486,"107 Cooma Street, Karabar NSW 2620",Auction 6/2/19,4 Beds,1 Bath,− 0 Parkings,645m² 
487,"5A Carmichael Avenue, Tamworth NSW 2340","$498,000",3 Beds,2 Baths,2 Parkings,N/A
488,"Wallis Island, Wallis Lake NSW 2428","$495,000-$525,000",N/A,N/A,0,N/A
489,"84 Caragh Avenue, Googong NSW 2620","$485,000 - $510,000",3 Beds,2 Baths,2 Parkings,N/A
490,"3/19 Bent Street, Batemans Bay NSW 2536","$490,000",3 Beds,1 Bath,2 Parkings,"1,058m² "
491,"10 Stagg Place, Ambarvale NSW 2560","Price Guide $490,000 - $535,000",3 Beds,1 Bath,2 Parkings,622m² 
492,"37 Minni Ha Ha Road, Katoomba NSW 2780","$489,000-$529,000",3 Beds,1 Bath,1 Parking,N/A
493,"18/25 Hughes Street, Cabramatta NSW 2166","$489,000",2 Beds,1 Bath,1 Parking,N/A
494,"1/24 Binaburra Place, Karabar NSW 2620","$480,000",4 Beds,2 Baths,1 Parking,N/A
495,"7 William Street, Paxton NSW 2325","$480,000  - $510,000",6 Beds,2 Baths,2 Parkings,N/A
496,"7 Penlee Road, Tamworth NSW 2340","$478,000",4 Beds,2 Baths,2 Parkings,790m² 
497,"5/23-25 Archbold Road, Long Jetty NSW 2261","$478,000 - $508,000",3 Beds,2 Baths,1 Parking,"2,133m² "
498,"7 Bellas Way, Tamworth NSW 2340","$500,000 -$530,000",4 Beds,2 Baths,2 Parkings,752m² 
499,"130 Paterson Road, Bolwarra NSW 2320","$475,000",3 Beds,1 Bath,3 Parkings,841m² 
500,"5 Tulloch Road, Port Macquarie NSW 2444","$479,000",3 Beds,2 Baths,2 Parkings,N/A
501,"5/50-52 Little Street, Forster NSW 2428","$470,000",2 Beds,1 Bath,1 Parking,N/A
502,"166 North Street, Tamworth NSW 2340","$469,000",3 Beds,1 Bath,2 Parkings,828m² 
503,"19 Ebony Close, Tamworth NSW 2340","$469,000",4 Beds,2 Baths,2 Parkings,738m² 
504,"64 Ella Street, Hill Top NSW 2575","$465,000",2 Beds,1 Bath,2 Parkings,"1,088m² "
505,"16 Wiruna Road, Port Macquarie NSW 2444","$475,000",3 Beds,1 Bath,1 Parking,616m² 
506,"50 Gore Street, Port Macquarie NSW 2444","$460,000",2 Beds,1 Bath,2 Parkings,537.5m² 
507,"10/14 Henry Street, Penrith NSW 2750","$459,000-$499,000",2 Beds,2 Baths,1 Parking,N/A
508,"2/93 Cascade Street, Katoomba NSW 2780","$459,000",2 Beds,1 Bath,1 Parking,N/A
509,"126 Edward Street, Tamworth NSW 2340","$459,000",4 Beds,2 Baths,2 Parkings,890m² 
510,"2/3 Edgewood Place, Denhams Beach NSW 2536","$459,000",3 Beds,2 Baths,2 Parkings,N/A
511,"16/37 Masons Parade, East Gosford NSW 2250","$487,950",2 Beds,2 Baths,1 Parking,N/A
512,"2/10 Jarrah Way, Malua Bay NSW 2536","$449,000",3 Beds,1 Bath,1 Parking,N/A
513,"150 Northcote Street, Aberdare NSW 2325","$450,000",3 Beds,1 Bath,2 Parkings,"1,012m² "
514,"3/2 Derrima Road, Queanbeyan NSW 2620",By Negotiation,3 Beds,2 Baths,2 Parkings,N/A
515,"9/56 North Street, Forster NSW 2428","$449,000",2 Beds,1 Bath,1 Parking,N/A
516,"59 Boronia Drive, Tamworth NSW 2340","$449,000",4 Beds,2 Baths,1 Parking,792m² 
517,"6 Bonnie Street, North Boambee Valley NSW 2450","$450,000",3 Beds,1 Bath,1 Parking,722m² 
518,"1/681 Macauley Street, Albury NSW 2640","$449,000",3 Beds,2 Baths,2 Parkings,N/A
519,"29 Mayfield Street, Cessnock NSW 2325","$449,000-$469,000",5 Beds,1 Bath,2 Parkings,809m² 
520,"61 King Street, Tamworth NSW 2340","$449,000",3 Beds,1 Bath,4 Parkings,674m² 
521,"30 Morilla Street, Tamworth NSW 2340","$444,000",4 Beds,2 Baths,2 Parkings,839m² 
522,"10/135-137 Stafford Street, Penrith NSW 2750","$440,000 - $484,000",2 Beds,1 Bath,1 Parking,N/A
523,"17 Briese Court, Thurgoona NSW 2640","$439,000",3 Beds,2 Baths,2 Parkings,845m² 
524,"A or B/10 Eunoe Street, Katoomba NSW 2780","$430,000",3 Beds,1 Bath,1 Parking,N/A
525,"24 Mahogany Avenue, Sandy Beach NSW 2456","$430,000  - $460,000",3 Beds,1 Bath,1 Parking,594m² 
526,"754 Peel  Street, Albury NSW 2640","$429,000",3 Beds,2 Baths,2 Parkings,706m² 
527,"6 Crane Court, Catalina NSW 2536","$429,000",3 Beds,1 Bath,2 Parkings,651.5m² 
528,"3/12 Heather Street, Port Macquarie NSW 2444","$450,000 - $470,000",3 Beds,2 Baths,1 Parking,N/A
529,"788 Mate Street, North Albury NSW 2640","$425,000",3 Beds,2 Baths,1 Parking,593m² 
530,"29 Third Ridge Road, Smiths Lake NSW 2428",AUCTION ON SITE,4 Beds,2 Baths,3 Parkings,727m² 
531,"4/64 Thorpe Avenue, Queanbeyan NSW 2620","$422,000",2 Beds,1 Bath,1 Parking,151m² 
532,"569 Oakhampton Road, Aberglasslyn NSW 2320","Price Guide $420,000 - $440,000",3 Beds,2 Baths,2 Parkings,481m² 
533,"43 Dobie Street, Grafton NSW 2460","$ 419,000",4 Beds,2 Baths,2 Parkings,758.6m² 
534,"3/23 Gilmore Place, Queanbeyan West NSW 2620","$415,000 - $430,000",2 Beds,2 Baths,1 Parking,N/A
535,"3 Garwood St, Rutherford NSW 2320","$409,000",3 Beds,1 Bath,2 Parkings,691m² 
536,"94 Playford Road, Killarney Vale NSW 2261","Price Guide $408,000",2 Beds,1 Bath,2 Parkings,481m² 
537,"2/40 Francis Avenue, Tamworth NSW 2340","$425,000",3 Beds,2 Baths,2 Parkings,N/A
538,"15 Kurrajong Street, Tamworth NSW 2340","$425,000",5 Beds,2 Baths,2 Parkings,832m² 
539,"62 Allandale Road, Cessnock NSW 2325","$399,000",3 Beds,1 Bath,1 Parking,809m² 
540,"22 Francis Street, Cessnock NSW 2325","$399,000",3 Beds,1 Bath,1 Parking,607m² 
541,"7-9 Beane Street West, Gosford NSW 2250",FINAL RELEASE,2 Beds,2 Baths,1 Parking,N/A
542,"55 Main Road, Paxton NSW 2325","$380,000 - $410,000",3 Beds,1 Bath,− 0 Parkings,"1,012m² "
543,"5 Dunnart, Aberglasslyn NSW 2320","$400,000 - $420,000",3 Beds,2 Baths,1 Parking,N/A
544,"3/16 Rawson Avenue, North Tamworth NSW 2340",Auction if not sold prior,2 Beds,2 Baths,2 Parkings,N/A
545,"71 Southbar Road, Karabar NSW 2620","$398,000 - $415,000",3 Beds,1 Bath,2 Parkings,626m² 
546,"1/10 Charles Street, Queanbeyan NSW 2620","$395,000 - $410,000",3 Beds,1 Bath,2 Parkings,324m² 
547,"600 Schubach Street, East Albury NSW 2640","$395,000",3 Beds,1 Bath,1 Parking,720m² 
548,"697 Hodge Street, Albury NSW 2640","$395,000",4 Beds,2 Baths,4 Parkings,N/A
549,"136 Flinders Street, Tamworth NSW 2340","$395,000",3 Beds,2 Baths,3 Parkings,"1,175m² "
550,"33/43-45 Antill Street, Queanbeyan NSW 2620","$390,000",2 Beds,2 Baths,2 Parkings,N/A
551,"9/30 Union Road, Penrith NSW 2750","$389,950",2 Beds,1 Bath,1 Parking,N/A
552,"23 Sunset Street, Surfside NSW 2536","$389,000",2 Beds,1 Bath,2 Parkings,556m² 
553,"14 West Avenue, Cessnock NSW 2325","$395,000",3 Beds,1 Bath,2 Parkings,405m² 
554,"4/26 Carrington Street, Queanbeyan East NSW 2620","$379,000 - $389,000",2 Beds,2 Baths,2 Parkings,N/A
555,Googong NSW 2620,"$379,000",540m² ,N/A,0,N/A
556,"20/1 Calton Road, Batehaven NSW 2536","$379,000",3 Beds,1 Bath,1 Parking,N/A
557,"834 Lamport Crescent, West Albury NSW 2640","$375,000",3 Beds,2 Baths,3 Parkings,"1,668m² "
558,"1 McArthur Street, Telarah NSW 2320","Price Guide $375,000 - $395,000",3 Beds,1 Bath,1 Parking,581m² 
559,"11/67 Lurline Street, Katoomba NSW 2780","$365,000",2 Beds,1 Bath,1 Parking,N/A
560,"7 Gidgee Street, Tamworth NSW 2340","$379,000",3 Beds,2 Baths,2 Parkings,"1,204m² "
561,"28 Second Street, Millfield NSW 2325","$360,000-$380,000",3 Beds,1 Bath,2 Parkings,936m² 
562,"5 Honeyeater Circuit, Thurgoona NSW 2640","$375,000",4 Beds,2 Baths,2 Parkings,N/A
563,"74/5 Griffiths Street, Blacktown NSW 2148",Expressions of Interest,2 Beds,1 Bath,1 Parking,N/A
564,"47/4 Ross Road, Queanbeyan NSW 2620","$369,500",2 Beds,2 Baths,2 Parkings,N/A
565,"26 Buller Crescent, Thurgoona NSW 2640","$360,000",5 Beds,2 Baths,2 Parkings,742m² 
566,"15 McDiarmid Place, Albury NSW 2640","NEW PRICE - $359,000",4 Beds,2 Baths,3 Parkings,684m² 
567,"667 Hodge Street, Glenroy NSW 2640","$358,000",3 Beds,1 Bath,1 Parking,910m² 
568,"41 Warburton Drive, Tamworth NSW 2340","$355,000",4 Beds,2 Baths,2 Parkings,N/A
569,"5/110 Little Street, Forster NSW 2428","$355,000",2 Beds,1 Bath,1 Parking,N/A
570,"2/29 High Street, Queanbeyan East NSW 2620","$349,000",2 Beds,1 Bath,2 Parkings,N/A
571,"1/23A Hickey Street, Cessnock NSW 2325","$350,000 - $370,000",3 Beds,2 Baths,2 Parkings,N/A
572,"10 Central Avenue , Tamworth NSW 2340","$350,000",4 Beds,2 Baths,2 Parkings,N/A
573,"24/161 Uriarra Road, Crestwood NSW 2620","$349,000 - $379,000",2 Beds,2 Baths,2 Parkings,N/A
574,"6A/9-19 York Road, Jamisontown NSW 2750","$349,000 - $379,000",2 Beds,1 Bath,1 Parking,N/A
575,"29 Vindin Street, Rutherford NSW 2320","$340,000-$370,000",3 Beds,1 Bath,1 Parking,N/A
576,"1/11 Allman Place, Crescent Head NSW 2440","$339,000",2 Beds,1 Bath,− 0 Parkings,N/A
577,"16 Bushland Avenue, Tamworth NSW 2340","$335,000",3 Beds,1 Bath,2 Parkings,607m² 
578,"2/50-52 Owen Street, Port Macquarie NSW 2444","$350,000 - $375,000",2 Beds,1 Bath,1 Parking,N/A
579,"Unit 1/685 Pemberton St, Albury NSW 2640",AUCTION 9TH FEBRUARY AT 11:00AM ON SITE,3 Beds,2 Baths,1 Parking,N/A
580,"73 - 83 Scotland Road, Somerton, Tamworth NSW 2340","$329,000",1.8ha ,N/A,0,N/A
581,"Proposed Lots 1- 14 Big Ridge Lane, Sedgefield NSW 2330",CONTACT AGENT,2.02ha ,N/A,0,N/A
582,"77 Featherstone Avenue, Glenroy NSW 2640","$319,000",4 Beds,2 Baths,2 Parkings,528m² 
583,"22 Kearsley Street, Aberdare NSW 2325","$319,000",3 Beds,1 Bath,2 Parkings,500m² 
584,"1/11 Lake Street, Forster NSW 2428","$315,000",2 Beds,1 Bath,− 0 Parkings,N/A
585,"3/7 Lea Close, Coffs Harbour NSW 2450","$310,000  - $330,000",2 Beds,1 Bath,1 Parking,N/A
586,"8/11 High Street, Batemans Bay NSW 2536","$335,000",1 Bed,1 Bath,1 Parking,N/A
587,"3/4 Toormina Place, Coffs Harbour NSW 2450","$325,000",2 Beds,1 Bath,1 Parking,N/A
588,Googong NSW 2620,"$309,000",608m² ,N/A,0,N/A
589,"4/100 Park Beach Road, Coffs Harbour NSW 2450","$339,000",2 Beds,1 Bath,1 Parking,N/A
590,"17 Phillip Street, Tamworth NSW 2340","$319,000",3 Beds,1 Bath,1 Parking,690m² 
591,"236 Beach Road, Batehaven NSW 2536","$299,000 - $625,000",2 Beds,2 Baths,1 Parking,N/A
592,"38 Arinya Street, Tamworth NSW 2340","$296,000",3 Beds,1 Bath,1 Parking,613m² 
593,Googong NSW 2620,"$291,500 - $355,000",N/A,N/A,0,N/A
594,Googong NSW 2620,"$291,500 - $355,000",N/A,N/A,0,N/A
595,"13/161 Uriarra Road, Crestwood NSW 2620","$290,000 - $305,000",1 Bed,1 Bath,1 Parking,N/A
596,"3/36 Antill Street, Queanbeyan NSW 2620","$285,000",1 Bed,1 Bath,1 Parking,N/A
597,"47 Armidale Street, South Grafton NSW 2460",SALE,3 Beds,1 Bath,5 Parkings,840.5m² 
598,"6/3A Stornaway Road, Queanbeyan NSW 2620","$286,000",1 Bed,1 Bath,2 Parkings,N/A
599,"69 Keelendi Road, Bellbird Heights NSW 2325","$280,000 - $300,000",2 Beds,1 Bath,1 Parking,877m² 
600,"10 Jacaranda (Darlington Park Beach Resort) Road, Arrawarra NSW 2456","$275,000  - $300,000",4 Beds,2 Baths,2 Parkings,N/A
601,"6/83 Derrima Road, Queanbeyan NSW 2620","$275,000",2 Beds,1 Bath,1 Parking,95m² 
602,"20 Bobby street, Googong NSW 2620","$274,000",N/A,N/A,0,N/A
603,"6/5 Lemongrove Road, Penrith NSW 2750","BUYERS GUIDE $269,000 - $289,000",1 Bed,1 Bath,1 Parking,N/A
604,"42/3a Stornaway Road, Queanbeyan NSW 2620","$270,000 - $290,000",1 Bed,1 Bath,1 Parking,N/A
605,"5 Iven Street, Grafton NSW 2460",AUCTION,3 Beds,1 Bath,2 Parkings,604m² 
606,"63 Turf Street, Grafton NSW 2460",AUCTION,3 Beds,1 Bath,2 Parkings,605.5m² 
607,"230/37 Mulgoa Road, Penrith NSW 2750","$279,950",2 Beds,1 Bath,− 0 Parkings,N/A
608,"9/2 Booth Street, Queanbeyan East NSW 2620","$250,000 - $255,000",2 Beds,1 Bath,1 Parking,N/A
609,"2 Anthony Road, Tamworth NSW 2340","$249,000",3 Beds,2 Baths,1 Parking,664m² 
610,"37 Vera Street, Tamworth NSW 2340","$249,000",2 Beds,1 Bath,2 Parkings,781m² 
611,"3/14 Yarrow Street, Queanbeyan NSW 2620","$249,000",2 Beds,1 Bath,1 Parking,N/A
612,"242 Queen Street, Grafton NSW 2460",AUCTION,3 Beds,1 Bath,1 Parking,541m² 
613,"16 Jill Street, Hillvue NSW 2340",Auction if not sold prior,3 Beds,1 Bath,1 Parking,N/A
614,"3/106 Henderson Road, Crestwood NSW 2620","$245,000 - $255,000",2 Beds,1 Bath,1 Parking,N/A
615,"3/106 Henderson Road, Crestwood NSW 2620","$245,000 - $255,000",2 Beds,1 Bath,1 Parking,N/A
616,"243 Bent Street, South Grafton NSW 2460",AUCTION,3 Beds,1 Bath,2 Parkings,632m² 
617,"1/11-13 Mckeahnie Street, Crestwood NSW 2620","$239,000",2 Beds,1 Bath,1 Parking,N/A
618,"Stage 4 Ascot Park, Port Macquarie NSW 2444","Starting from $235,000",N/A,N/A,0,N/A
619,"2/16 Justine Parade, Rutherford NSW 2320","$235,000 - $249,000",2 Beds,1 Bath,1 Parking,N/A
620,"3/56-58 Trinculo Place, Queanbeyan NSW 2620","$235,000",2 Beds,1 Bath,1 Parking,N/A
621,"41/86 Derrima Road, Queanbeyan NSW 2620","$230,000",1 Bed,1 Bath,1 Parking,52m² 
622,"149 Powell Street, Grafton NSW 2460",SALE,3 Beds,1 Bath,3 Parkings,693.5m² 
623,"2/8 Martin Street, North Tamworth NSW 2340","$235,000",2 Beds,1 Bath,− 0 Parkings,N/A
624,"3/750 Macauley Street, Albury NSW 2640","$227,000",2 Beds,1 Bath,1 Parking,N/A
625,"4/26 Anne Street, South Tamworth NSW 2340","$220,000",3 Beds,1 Bath,1 Parking,N/A
626,"20/611 Kiewa Street, Albury NSW 2640","$209,000",2 Beds,1 Bath,1 Parking,N/A
627,"51 Gill Street, Nundle NSW 2340","$229,000",4 Beds,1 Bath,− 0 Parkings,N/A
628,"8/3 Mowatt Street, Queanbeyan East NSW 2620","$199,000",2 Beds,1 Bath,1 Parking,N/A
629,"1/18 Anne Street, South Tamworth NSW 2340","$198,000",2 Beds,1 Bath,1 Parking,N/A
630,"98 Anthony Road, Tamworth NSW 2340","$198,000",3 Beds,1 Bath,1 Parking,N/A
631,"24 Lydia Street, South Tamworth NSW 2340","$195,000",2 Beds,1 Bath,1 Parking,800m² 
632,"19 Jill Street, Hillvue NSW 2340",Auction if not sold prior,2 Beds,1 Bath,1 Parking,N/A
633,"984 Bralgon Street, North Albury NSW 2640","$189,000",2 Beds,1 Bath,1 Parking,739.8m² 
634,"5/411 Macauley Street, Albury NSW 2640","$169,000",2 Beds,1 Bath,1 Parking,N/A
635,"13/110 Fergus Road, Queanbeyan NSW 2620","$145,000 - $160,000",1 Bed,1 Bath,− 0 Parkings,N/A
636,"36 Whitebark Way, Lake Hume Village NSW 2640","$142,000",3 Beds,1 Bath,1 Parking,N/A
637,"30/5 Mill Road, Failford NSW 2430","$140,000-$150,000",2 Beds,1 Bath,1 Parking,N/A
638,"15/110 Fergus Road, Queanbeyan NSW 2620","$134,950",1 Bed,1 Bath,1 Parking,51m² 
639,"Penthouse 1 Four Seasons 199 George Street, Sydney NSW 2000",Expressions of Interest,2 Beds,3 Baths,2 Parkings,N/A
640,"5/71 Hood Street, Coffs Harbour NSW 2450","$4,250,000",4 Beds,3 Baths,3 Parkings,N/A
641,"20 & 20a Pitt Town Ferry Road, Wilberforce NSW 2756",Contact Hamish,8 Beds,3 Baths,− 0 Parkings,22.66ha 
642,"81 & 85 Major Innes Road, Port Macquarie NSW 2444",Contact Agent for Price Guide,"8,498m² ",N/A,0,N/A
643,South Maroota NSW 2756,EXPRESSIONS OF INTEREST SOUGHT,10.52ha ,N/A,0,N/A
644,"25 Coogee Road, Point Clare NSW 2250",Auction 3.30pm Sat 16 Feb 2019,5 Beds,4 Baths,4 Parkings,993m² 
645,"29M Darling Rise, Sydney NSW 2000",FOR SALE,3 Beds,2 Baths,2 Parkings,N/A
646,"1 Rockpool Road 'Marina Piccola', Tuncurry NSW 2428","$2,450,000",4 Beds,2 Baths,3 Parkings,"1,050m² "
647,"711 Point Plomer Road, Crescent Head NSW 2440",Expressions Of Interest,4.45ha ,N/A,0,N/A
648,"1733 The Lakes Way, Rainbow Flat NSW 2430","$2,300,000",4 Beds,2 Baths,6 Parkings,11.61ha 
649,"82 Kent Street, Millers Point NSW 2000",Auction,4 Beds,2 Baths,− 0 Parkings,N/A
650,"""Bellfields"", 298 Drains Lane, Gowrie, Tamworth NSW 2340","$2,250,000",544.6ha ,N/A,0,N/A
651,"106 Anambah Road, Anambah NSW 2320","$2,250,000",5 Beds,2 Baths,5 Parkings,22.82ha 
652,"111G Sugarmill Road, Sapphire Beach NSW 2450","$2,100,000  - $2,300,000",5 Beds,3 Baths,3 Parkings,4.24ha 
653,"3/131 Victoria Street, Coffs Harbour NSW 2450","$1,995,000",3 Beds,3 Baths,2 Parkings,N/A
654,"113 Listers Lane, Congewai NSW 2325","$1,950,000 to $2,140,000",39.27ha ,N/A,0,N/A
655,"218 Bells Road, Grose Vale NSW 2753","$1,840,000 to $1,910,000",2.02ha ,N/A,0,N/A
656,"83 Burgess Road, Forster NSW 2428","$1,700,000",4 Beds,3 Baths,4 Parkings,N/A
657,"48 Albaha Lane, Tumbi Umbi NSW 2261",Contact Agent,15.38ha ,N/A,0,N/A
658,"509 Hermitage Road, Pokolbin NSW 2320",EXPRESSIONS OF INTEREST,10.12ha ,N/A,0,N/A
659,"280 Upper Orara Road, Karangi, Coffs Harbour NSW 2450","$1,500,000",5 Beds,2 Baths,3 Parkings,35.61ha 
660,"50 Redman Avenue, Thirroul NSW 2515",Expressions of Interest,3 Beds,2 Baths,2 Parkings,925m² 
661,"486 Swift  Street, Albury NSW 2640","$1,350,000",4 Beds,3 Baths,10 Parkings,607m² 
662,"10 Kotara Place, Korora NSW 2450","price $1,349,000",5 Beds,3 Baths,2 Parkings,696m² 
663,"321 Fernleigh Drive, Googong NSW 2620","$1,400,000",4 Beds,2 Baths,− 0 Parkings,4.86ha 
664,"163a Wattamolla Road, Berry NSW 2535",For Sale - Nicholas Lyell,3 Beds,1 Bath,6 Parkings,8.05ha 
665,"901 Milbrodale Road, Milbrodale NSW 2330",BY NEGOTIATION,10.93ha ,N/A,0,N/A
666,"13 Stephen Street, Forster NSW 2428","$1,295,000",5 Beds,3 Baths,3 Parkings,N/A
667,"13 Stephen Street, Forster NSW 2428","$1,295,000",5 Beds,3 Baths,3 Parkings,543m² 
668,"5 Benjamins Lane, Ocean Shores NSW 2483",Contact Agent,4 Beds,1 Bath,3 Parkings,4653.884883m² 
669,"72 Montague Place, Googong NSW 2620","$1,250,000 - $1,300,000",3.64ha ,N/A,0,N/A
670,"1 Sandstock Street, Pitt Town NSW 2756","$1,210,000 - $1,280,000",4 Beds,3 Baths,2 Parkings,804m² 
671,"241 Ascot-Calala Road, Tamworth NSW 2340",Price on Application,40.47ha ,N/A,0,N/A
672,"10 Chalkerville Road, Aylmerton NSW 2575","Price Guide $1,195,000 - $1,245,000",4 Beds,2 Baths,6 Parkings,"6,655m² "
673,"170 Bingley Way, Wamboin NSW 2620","$1,180,000",14ha ,N/A,0,N/A
674,"38 The Cedars Avenue, Pitt Town NSW 2756","$1,175,000 - $1,225,000",4 Beds,2 Baths,2 Parkings,755.9m² 
675,Pitt Town NSW 2756,Prestige house and  land package.,4 Beds,2 Baths,2 Parkings,480m² 
676,"2/26 High Street, Black Head NSW 2430","$1,150,000",3 Beds,2 Baths,2 Parkings,N/A
677,"40 Parklands Close, Port Macquarie NSW 2444","Auction 17th February, Rydges Hotel at 11am",5 Beds,3 Baths,2 Parkings,847.3m² 
678,"57 Ladbury Avenue, Penrith NSW 2750","$1,100,000 - $1,200,000",4 Beds,2 Baths,2 Parkings,834m² 
679,"419/9-17 Howard Avenue, Dee Why NSW 2099","$1,090,000",2 Beds,2 Baths,1 Parking,N/A
680,"113 Narrow Neck Rd, Katoomba NSW 2780","$1,050,000 - $1,100,000",4 Beds,2 Baths,1 Parking,"2,340m² "
681,"63 Orama Crescent, Orient Point NSW 2540","$1,000,000 to $1,100,000",5 Beds,3 Baths,4 Parkings,911m² 
682,"26/137 Bathurst Street, Sydney NSW 2000",Auction,2 Beds,2 Baths,1 Parking,N/A
683,"197 Grose Wold Road, Grose Wold NSW 2753",JUST LISTED,4 Beds,2 Baths,6 Parkings,7810.4328906m² 
684,"305 Wine Country Drive, Nulkaba NSW 2325",Expressions of Interest,12.14ha ,N/A,0,N/A
685,"20 Chamberlain Rd, Guildford NSW 2161",Offers Invited,7 Beds,3 Baths,3 Parkings,804m² 
686,"19 Dulconghi Street, Crescent Head NSW 2440","Auction 19th January, Onsite at 12:30pm",5 Beds,2 Baths,2 Parkings,451m² 
687,"30 Woodford Street, Leura NSW 2780","$990,000 - $1,089,000",3 Beds,2 Baths,1 Parking,803m² 
688,"4 James Street, Leichhardt NSW 2040",For Sale $979k,2 Beds,1 Bath,− 0 Parkings,138m² 
689,"109 White Street, Tamworth NSW 2340",Price By Negotiation,3 Beds,2 Baths,3 Parkings,"1,742m² "
690,"5 Whitewater Place, Sapphire Beach NSW 2450","$960,000  - $1,040,000",5 Beds,3 Baths,2 Parkings,666m² 
691,"15 Stuarts Road, Katoomba NSW 2780","$955,000 - $1,025,000",5 Beds,2 Baths,2 Parkings,695m² 
692,"8 Mount Street, Leura NSW 2780","$950,000 - $990,000",5 Beds,3 Baths,2 Parkings,562.7m² 
693,"17 Banool Circuit, Ocean Shores NSW 2483","Price Guide $920,000 - $980,000",4 Beds,3 Baths,2 Parkings,869m² 
694,"39 Hillview Road, Katoomba NSW 2780","$899,000-$979,000",4 Beds,2 Baths,− 0 Parkings,N/A
695,"20 Sycamore  Avenue, Bateau Bay NSW 2261",Contact agent,3 Beds,2 Baths,4 Parkings,638m² 
696,"8 Williams Lane, Sutton NSW 2620",Price on request,4 Beds,2 Baths,2 Parkings,N/A
697,"96 Ironbark Lane, Nulkaba NSW 2325",BY NEGOTIATION,2.02ha ,N/A,0,N/A
698,"16 Berrimbillah Court, South Golden Beach NSW 2483","$879,000",3 Beds,2 Baths,1 Parking,725m² 
699,"12 Bourne Street, Port Macquarie NSW 2444",Contact Agent,4 Beds,2 Baths,2 Parkings,557m² 
700,"2/41 Frederick Street, East Gosford NSW 2250","Guide $860,000",3 Beds,2 Baths,2 Parkings,N/A
701,Penrith NSW 2750,"$849,950 - $899,950",5 Beds,3 Baths,2 Parkings,N/A
702,"40A Berne  Street, Bateau Bay NSW 2261",Contact Agent,4 Beds,2 Baths,2 Parkings,"1,117m² "
703,"142 MacDiarmid Road, Burra NSW 2620","$845,000",3 Beds,2 Baths,4 Parkings,5ha 
704,"7 Rowley Place, Crestwood NSW 2620","$840,000",6 Beds,3 Baths,3 Parkings,754m² 
705,"752-754 Forrest Hill Avenue, Albury NSW 2640","$799,000",5 Beds,3 Baths,4 Parkings,"1,540m² "
706,"36 Empire Circuit, Penrith NSW 2750","$799,000",4 Beds,2 Baths,2 Parkings,375m² 
707,"67 Regent Street, Mittagong NSW 2575","From $795,000",3 Beds,3 Baths,2 Parkings,N/A
708,"57 Cliff Dr, Katoomba NSW 2780","$795,000 - $845,000",3 Beds,1 Bath,2 Parkings,992m² 
709,"21 Wimbie Street, Surf Beach NSW 2536","$795,000 - $825,000",3 Beds,2 Baths,2 Parkings,N/A
710,"6702 Wisemans Ferry Rd, Gunderman NSW 2775","$795,000",3 Beds,1 Bath,4 Parkings,626m² 
711,"66 Campbell Road, Calala NSW 2340","$789,000",5 Beds,3 Baths,4 Parkings,"3,777m² "
712,"14 King George Parade, Forster NSW 2428","$789,000",3 Beds,2 Baths,2 Parkings,669m² 
713,"255 Bingley Way, Wamboin NSW 2620","$770,000",4 Beds,1 Bath,4 Parkings,5ha 
714,"22 MURRAY STREET, Leura NSW 2780","$750,000 - $800,000",4 Beds,1 Bath,− 0 Parkings,"1,100m² "
715,"14 Dekalb Street, Tamworth NSW 2340",Expressions of Interest,5 Beds,3 Baths,2 Parkings,N/A
716,"11 Redgum Crescent, Bowen Mountain NSW 2753","$750,000 to $780,000",5 Beds,3 Baths,2 Parkings,"1,350m² "
717,"6 Stanley Close, Bolwarra Heights NSW 2320","$739,000",7 Beds,3 Baths,2 Parkings,760m² 
718,"32 Queens Road, Leura NSW 2780","Price Guide: $735,000 - $775,000",5 Beds,2 Baths,1 Parking,"2,173m² "
719,"83 Barracks Flat Drive, Karabar NSW 2620","$705,000 - $720,000",5 Beds,3 Baths,2 Parkings,650m² 
720,"72 Lakeview Crescent, Forster NSW 2428","$729,000",3 Beds,2 Baths,2 Parkings,531m² 
721,"144A Bathurst Street, Pitt Town NSW 2756","$750,000- $799,950",4 Beds,1 Bath,− 0 Parkings,835m² 
722,"77 Thomas Royal Gardens, Queanbeyan East NSW 2620","$720,000  - $750,000",4 Beds,2 Baths,2 Parkings,438.2m² 
723,"8 Kate Street, Googong NSW 2620","$715,000 - $735,000",3 Beds,2 Baths,2 Parkings,515m² 
724,"13 Wilson Street, Katoomba NSW 2780","$699,000",3 Beds,2 Baths,1 Parking,795m² 
725,"7 Caitlin Close, Bolwarra Heights NSW 2320","Price Guide $699,000 - $749,000",5 Beds,2 Baths,2 Parkings,"1,229m² "
726,"22 Zealie Bend, Googong NSW 2620","$699,000 - $719,000",4 Beds,2 Baths,2 Parkings,N/A
727,"82 Eloura Road, Tamworth NSW 2340","$698,000",6 Beds,2 Baths,8 Parkings,10.13ha 
728,"6/21 JERSEY AVENUE, Leura NSW 2780","Price Guide $695,000 - $745,000",4 Beds,2 Baths,1 Parking,"3,971m² "
729,"81 Hearne Street, Googong NSW 2620","$695,000",4 Beds,2 Baths,2 Parkings,480m² 
730,"14 GALSTON CRESCENT, Leura NSW 2780","Price Guide: $695,000 - $745,000",3 Beds,2 Baths,1 Parking,828m² 
731,"3 Kiah Close, Ocean Shores NSW 2483","Price Guide $690,000 - $710,000",3 Beds,1 Bath,1 Parking,759m² 
732,"9 Bemboka Court, Tamworth NSW 2340","$689,000",4 Beds,2 Baths,1 Parking,"4,001m² "
733,"611 Lindsay Avenue, Albury NSW 2640","$689,000",3 Beds,2 Baths,2 Parkings,697m² 
734,"101 Pickworth Street, Thurgoona NSW 2640","$685,000",4 Beds,2 Baths,2 Parkings,863m² 
735,"10 Short Street, Lorn NSW 2320","$685,000",4 Beds,1 Bath,2 Parkings,N/A
736,"37 Cork Street, Gundaroo NSW 2620","$680,000",3 Beds,1 Bath,− 0 Parkings,"2,006m² "
737,"43 Station Street, Katoomba NSW 2780","$695,000",3 Beds,1 Bath,4 Parkings,746m² 
738,"22 Sovereign Crescent, Chittaway Bay NSW 2261",Contact Agent,4 Beds,2 Baths,1 Parking,552m² 
739,"1 Heavenly Ridge, Port Macquarie NSW 2444","$685,000",4 Beds,2 Baths,2 Parkings,686m² 
740,"18 Carlyon Street, Killarney Vale NSW 2261","Price Range $670,000 - $730,000",3 Beds,2 Baths,3 Parkings,800m² 
741,"54 Crest Road, Crestwood NSW 2620","$659,000",3 Beds,1 Bath,4 Parkings,892m² 
742,"D315/81-86 Courallie Avenue, Homebush West NSW 2140","$650,000 to $670,000",3 Beds,2 Baths,2 Parkings,N/A
743,"20 Kiah Court, Ocean Shores NSW 2483","$650,000",3 Beds,2 Baths,2 Parkings,847m² 
744,"49 Mount Street, Leura NSW 2780","$650,000 - $710,000",4 Beds,2 Baths,1 Parking,"1,107m² "
745,"26 Snailham Crescent, South Windsor NSW 2756","$650,000 - $695,000",5 Beds,2 Baths,1 Parking,610m² 
746,"24 Regent Street, Cessnock NSW 2325","PRICE RANGE: $650,000 - $700,000",4 Beds,3 Baths,4 Parkings,809m² 
747,"308/51 Loftus Crescent, Homebush NSW 2140",Contact Agent,2 Beds,2 Baths,1 Parking,N/A
748,"506/81a Lord Sheffield Circuit, Penrith NSW 2750",New Listing,3 Beds,2 Baths,2 Parkings,N/A
749,"25 Sparrow Street, Googong NSW 2620","$645,000",3 Beds,2 Baths,2 Parkings,350m² 
750,"5 Caroline Place, Queanbeyan NSW 2620","$640,000  - $680,000",4 Beds,2 Baths,2 Parkings,775m² 
751,"106/25-29 Smallwood  Avenue, Homebush NSW 2140","$635,000",2 Beds,1 Bath,1 Parking,N/A
752,"26 Blackbutt Street, Wyoming NSW 2250","$630,000 - $650,000",4 Beds,2 Baths,− 0 Parkings,757m² 
753,"49 Lancaster Parade, Bateau Bay NSW 2261","Auction guide $620,000",3 Beds,1 Bath,5 Parkings,N/A
754,"2/12 Victoria Street, Hall ACT 2618",By Negotiation,2 Beds,1 Bath,2 Parkings,N/A
755,"Upper Bobo Road, Brooklana NSW 2450","$650,000",4 Beds,3 Baths,− 0 Parkings,2ha 
756,"23 Palomino Road, Emu Heights NSW 2750","$599,000",4 Beds,1 Bath,2 Parkings,562m² 
757,"47 Kanimbla Street, Katoomba NSW 2780","Price Guide: $600,000 - $650,000",3 Beds,2 Baths,1 Parking,"1,797m² "
758,"4 Emerald Drive, Kelso NSW 2795",AUCTION - IF NOT SOLD PRIOR,5 Beds,3 Baths,2 Parkings,"1,223m² "
759,"9 Grafton Place, Jamisontown NSW 2750","$599,950 - $649,950",3 Beds,1 Bath,2 Parkings,587m² 
760,"5/21 Jersey Avenue, Leura NSW 2780","Price Guide: $595,000 - $625,000",3 Beds,1 Bath,1 Parking,N/A
761,"2 King Street, Hill Top NSW 2575","Price Guide $595,000 - $645,000",4 Beds,2 Baths,2 Parkings,753m² 
762,"1/240 Katoomba Street, Katoomba NSW 2780","$590,000",3 Beds,1 Bath,1 Parking,N/A
763,"5 Lorraine Avenue, Point Clare NSW 2250","$590,000 - $640,000",3 Beds,1 Bath,1 Parking,N/A
764,"5 Elm Close, Largs NSW 2320","$575,000",4 Beds,2 Baths,2 Parkings,850.4m² 
765,"824 Golflinks Terrace, Albury NSW 2640","$599,000",5 Beds,3 Baths,2 Parkings,772m² 
766,"3 Pearl Place, Sandy Beach NSW 2456","$570,000  - $595,000",4 Beds,2 Baths,3 Parkings,678m² 
767,"1/129 Pacific Drive, Port Macquarie NSW 2444","$569,000",3 Beds,2 Baths,2 Parkings,N/A
768,"1354 Solitary Island Way Sandy Beach, Coffs Harbour NSW 2450","$569,000",5 Beds,1 Bath,2 Parkings,1.21ha 
769,"587 Settlers Rd, Lower Macdonald NSW 2775","$550,000",2 Beds,1 Bath,3 Parkings,N/A
770,"2/2 Keats Avenue, Bateau Bay NSW 2261","$550,000",2 Beds,1 Bath,1 Parking,N/A
771,"1/2 Keats Avenue, Bateau Bay NSW 2261","$550,000",2 Beds,1 Bath,1 Parking,N/A
772,"14 Whistler Drive, Port Macquarie NSW 2444","$549,000 - $579,000",4 Beds,2 Baths,2 Parkings,688m² 
773,"1 Nioka Avenue, Malua Bay NSW 2536","$545,000",3 Beds,1 Bath,4 Parkings,822m² 
774,"51 Third Avenue, Katoomba NSW 2780","Price Guide $545,000 - $595,000",3 Beds,1 Bath,2 Parkings,"1,011m² "
775,"25 Berrys Head Road, Narara NSW 2250","$540,000 - $590,000",4 Beds,2 Baths,2 Parkings,759m² 
776,"15 Fitzgibbon Place, Karabar NSW 2620","$539,000",3 Beds,2 Baths,2 Parkings,681m² 
777,"90 Ross Road, Queanbeyan NSW 2620","$530,000 - $560,000",2 Beds,1 Bath,2 Parkings,683m² 
778,"1-4/ 98 Park Beach Rd, Coffs Harbour NSW 2450","$529,000",3 Beds,1 Bath,1 Parking,N/A
779,"4 Pioneer  Place, Thurgoona NSW 2640","$529,000",4 Beds,2 Baths,2 Parkings,N/A
780,"72 Railway Parade, Medlow Bath NSW 2780","Price Guide: $525,000 to $550,000",3 Beds,2 Baths,1 Parking,"1,811m² "
781,"37 Christopher Crescent, Karabar NSW 2620","$525,000",3 Beds,1 Bath,3 Parkings,607m² 
782,"12 Ibis Street, Tamworth NSW 2340","$525,000",4 Beds,2 Baths,2 Parkings,700m² 
783,"37 Christopher Crescent, Karabar NSW 2620","$525,000",3 Beds,1 Bath,3 Parkings,607m² 
784,"1-4/353 Buckingham  Street, North Albury NSW 2640","$545,000",6 Beds,4 Baths,4 Parkings,702m² 
785,"97 Illawong Avenue, Penrith NSW 2750",CONTACT AGENT,3 Beds,1 Bath,1 Parking,696m² 
786,"2/100 Gilmore Road, Queanbeyan West NSW 2620","$520,000 - $540,000",3 Beds,2 Baths,2 Parkings,511m² 
787,"42 BRILLIANT STREET, Bathurst NSW 2795","$540,000 - $560,000",3 Beds,2 Baths,2 Parkings,923m² 
788,"65/130 Reservoir Rd, Blacktown NSW 2148",$515000 Offers Invited,3 Beds,1 Bath,2 Parkings,N/A
789,"143 Pacific Drive, Port Macquarie NSW 2444","$539,000",3 Beds,1 Bath,1 Parking,495m² 
790,"339 Lieutenant Bowen Drive, Bowen Mountain NSW 2753","Neg $549,000",3 Beds,1 Bath,2 Parkings,676.6m² 
791,"9 Fergus Road, Karabar NSW 2620","$509,000",3 Beds,1 Bath,2 Parkings,758m² 
792,"5 Dunstan Street, Oran Park NSW 2570","Price Guide $499,000",511.2m² ,N/A,0,N/A
793,"369 Wollombi Road, Bellbird NSW 2325","$499,000",3 Beds,2 Baths,2 Parkings,658m² 
794,"70 Rupert Street, Katoomba NSW 2780","Price Guide $495,000 to $515,000",2 Beds,1 Bath,4 Parkings,807m² 
795,"2/6 Robina Grove, Forster NSW 2428","$495,000",3 Beds,2 Baths,2 Parkings,N/A
796,"38 Farnells Road, Katoomba NSW 2780","$495,000 - $540,000",2 Beds,1 Bath,1 Parking,834m² 
797,"40 Christopher Crescent, Batehaven NSW 2536","$490,000 - $520,000",5 Beds,2 Baths,− 0 Parkings,721m² 
798,"142 Uriarra Road, Crestwood NSW 2620","$490,000",4 Beds,1 Bath,− 0 Parkings,650m² 
799,"4/7 Peter Court, Jamisontown NSW 2750","$489,000",3 Beds,2 Baths,1 Parking,N/A
800,"8 North Street, Tamworth NSW 2340","$489,000",4 Beds,2 Baths,2 Parkings,998m² 
801,"5 Mayfield Street, Cessnock NSW 2325","$485,000",3 Beds,2 Baths,1 Parking,809m² 
802,"175 Evan Street, South Penrith NSW 2750","$480,000 - $520,000",3 Beds,1 Bath,1 Parking,645m² 
803,"4 Wombat Close, North Shore NSW 2444","$490,000",3 Beds,2 Baths,4 Parkings,691.3m² 
804,"12 Parkes Street, Tuncurry NSW 2428","$479,000",2 Beds,2 Baths,1 Parking,760m² 
805,"3 / 31 Waterworks Road, Rutherford NSW 2320","$475,000",3 Beds,2 Baths,2 Parkings,N/A
806,Rosemeadow NSW 2560,"Price Guide $470,000 - $510,000",3 Beds,1 Bath,1 Parking,350m² 
807,"13/71-73 Faunce Street West, Gosford NSW 2250","$470,000 - $500,000",2 Beds,2 Baths,1 Parking,N/A
808,"4/151 Stafford Street, Penrith NSW 2750","$465,000 - $495,000",3 Beds,1 Bath,1 Parking,N/A
809,"26 Redgum Circuit, Aberglasslyn NSW 2320","Price Guide $465,000 - $490,000",4 Beds,2 Baths,2 Parkings,512m² 
810,"4/31 Waterworks Road, Rutherford NSW 2320","$455,000",3 Beds,2 Baths,2 Parkings,N/A
811,"5/31 Waterworks Road, Rutherford NSW 2320","$455,000",3 Beds,2 Baths,2 Parkings,N/A
812,"3/2 Derrima Road, Queanbeyan NSW 2620",Auction on 15/12/2018 at 11:30AM,3 Beds,2 Baths,2 Parkings,N/A
813,"27 Mayfield Street, Cessnock NSW 2325","$440,000",3 Beds,2 Baths,2 Parkings,809m² 
814,"4 Sapphire Crescent, Kelso NSW 2795","$439,000",4 Beds,1 Bath,2 Parkings,"1,124m² "
815,"8/2 Arika Avenue, Ocean Shores NSW 2483","$430,000",3 Beds,1 Bath,1 Parking,N/A
816,"42 Daniel Street, Cessnock NSW 2325","$430,000",3 Beds,2 Baths,2 Parkings,540m² 
817,"70 Lee Street, Maitland NSW 2320","$429,000-$445,000",4 Beds,1 Bath,− 0 Parkings,420m² 
818,"19 Hauteville Street, Thurgoona NSW 2640","$429,000",5 Beds,2 Baths,2 Parkings,738m² 
819,"6/45-47 Derrima Road, Queanbeyan NSW 2620","$429,000",3 Beds,2 Baths,1 Parking,162m² 
820,"12 KEFFORD STREET, Bathurst NSW 2795","$429,000",4 Beds,2 Baths,− 0 Parkings,683m² 
821,"14 Calga Crescent, Catalina NSW 2536","$425,000",3 Beds,2 Baths,2 Parkings,N/A
822,"21/41 Carinya Street, Queanbeyan NSW 2620","$420,000  - $450,000",3 Beds,2 Baths,1 Parking,179m² 
823,"70 Victoria Street, Katoomba NSW 2780","$420,000 - $460,000",3 Beds,1 Bath,1 Parking,556m² 
824,"25 Ada Street, Telarah NSW 2320","Price Guide $420,000 - $460,000",3 Beds,2 Baths,1 Parking,658m² 
825,"4/91-93 Hind Avenue, Forster NSW 2428","$410,000",3 Beds,1 Bath,1 Parking,N/A
826,"20 Ada Street, Telarah NSW 2320","$410,000",4 Beds,2 Baths,1 Parking,341m² 
827,"1/1A Doyle Place, Karabar NSW 2620","$399,500",3 Beds,2 Baths,1 Parking,N/A
828,"3/9 Dodsworth Street, Queanbeyan East NSW 2620","$399,000 - $409,000",2 Beds,1 Bath,1 Parking,N/A
829,"1/10 Charles Street, Queanbeyan NSW 2620","$395,000 - $410,000",3 Beds,1 Bath,2 Parkings,324m² 
830,"54 Derrima Road, Queanbeyan NSW 2620","$390,000  - $410,000",2 Beds,1 Bath,2 Parkings,N/A
831,"10/17 Preston Street, Jamisontown NSW 2750","$389,950",2 Beds,1 Bath,1 Parking,N/A
832,"41 Helen Street, Forster NSW 2428","$385,000",3 Beds,− 0 Baths,− 0 Parkings,486.9m² 
833,"33/3-7 Peel Street, Tuncurry NSW 2428","$380,000 - $390,000",3 Beds,1 Bath,1 Parking,N/A
834,"12/43 Erin Street, Queanbeyan NSW 2620","$380,000 - $400,000",2 Beds,2 Baths,1 Parking,N/A
835,"3/40 North Street, Forster NSW 2428","$380,000",2 Beds,1 Bath,1 Parking,N/A
836,"6/6 Doeberl Place, Karabar NSW 2620",Auction,3 Beds,2 Baths,2 Parkings,N/A
837,"322 Bimbadeen Avenue, East Albury NSW 2640","$375,000",3 Beds,1 Bath,2 Parkings,723m² 
838,"101/39 Head Street, Forster NSW 2428","$369,000",2 Beds,2 Baths,1 Parking,N/A
839,"5 Taylor Street, Maitland NSW 2320","$369,000",3 Beds,1 Bath,1 Parking,500m² 
840,"26 Regal Park Drive, Tamworth NSW 2340","$365,000",4 Beds,2 Baths,2 Parkings,896m² 
841,"34 Gale Street, Coramba NSW 2450","$395,000",3 Beds,1 Bath,2 Parkings,682m² 
842,"39 Evesham Place, Thurgoona NSW 2640","$390,000",3 Beds,2 Baths,2 Parkings,N/A
843,"5 Sandringham Court, Thurgoona NSW 2640","$355,000",3 Beds,2 Baths,2 Parkings,907.8m² 
844,"212/37 Pacific Drive, Port Macquarie NSW 2444","$385,000",3 Beds,1 Bath,1 Parking,N/A
845,"46/4 Ross Road, Queanbeyan NSW 2620","$350,000 - $380,000",2 Beds,2 Baths,2 Parkings,125m² 
846,"33 Ventura Close, Rutherford NSW 2320","Guide $350,000 - $380,000",3 Beds,1 Bath,1 Parking,584m² 
847,"1/125 Glengarvin Drive, Tamworth NSW 2340","$355,000",4 Beds,2 Baths,1 Parking,467m² 
848,"Arcadia, 54-56 Donnison Street West, West Gosford NSW 2250",From $340k to $820k for Penthouses,2 Beds,2 Baths,1 Parking,N/A
849,"25 Melbee Street, Rutherford NSW 2320","$339,000",3 Beds,1 Bath,− 0 Parkings,544m² 
850,"908 Padman Drive, West Albury NSW 2640","$339,000",4 Beds,2 Baths,2 Parkings,803m² 
851,"19 Marcia Street, Coffs Harbour NSW 2450","$325,000",3 Beds,1 Bath,− 0 Parkings,465m² 
852,"16/9 Stornaway Road, Queanbeyan NSW 2620","$315,000 - $330,000",1 Bed,1 Bath,− 0 Parkings,N/A
853,"17 Hilda Lane, Tamworth NSW 2340","$330,000",5 Beds,2 Baths,1 Parking,N/A
854,"16/9 Stornaway Road, Queanbeyan NSW 2620","$314,000",1 Bed,1 Bath,− 0 Parkings,N/A
855,"1/10A SugarGum Road, Thurgoona NSW 2640","$310,000",3 Beds,1 Bath,3 Parkings,N/A
856,"8 WATTLE WAY, West Albury NSW 2640","$297,000",3 Beds,1 Bath,2 Parkings,751m² 
857,Googong NSW 2620,"$291,500 - $355,000",N/A,N/A,0,N/A
858,Googong NSW 2620,"$291,500 - $355,000",N/A,N/A,0,N/A
859,"21/3a Stornaway Road, Queanbeyan NSW 2620","$290,000 - $309,000",1 Bed,1 Bath,1 Parking,N/A
860,"19 Casino Road, Junction Hill NSW 2460","$289,000",3 Beds,1 Bath,1 Parking,638m² 
861,"9/9 Stornaway Road, Queanbeyan NSW 2620","$285,000",1 Bed,1 Bath,1 Parking,N/A
862,"95 Kosciuszko Road, Thurgoona NSW 2640","$275,000",3 Beds,1 Bath,1 Parking,684m² 
863,"18/4 Ross Road, Queanbeyan NSW 2620","$274,000 - $290,000",1 Bed,1 Bath,1 Parking,83m² 
864,"3/637 Jones Street, Albury NSW 2640","$270,000",1 Bed,1 Bath,1 Parking,306m² 
865,"13/12 King Street, Queanbeyan NSW 2620","$268,000 - $272,000",2 Beds,1 Bath,1 Parking,N/A
866,"1079 Tobruk Street, North Albury NSW 2640","$265,000",3 Beds,1 Bath,2 Parkings,696m² 
867,"35/86 Derrima Road, Queanbeyan NSW 2620","$259,000",2 Beds,1 Bath,1 Parking,N/A
868,"63 Flinders Street, Tamworth NSW 2340","$268,000",3 Beds,1 Bath,− 0 Parkings,604m² 
869,"1/12 Bizet Place, Glenroy NSW 2640","$249,950",2 Beds,1 Bath,1 Parking,N/A
870,"3/7 Brereton Street, Queanbeyan NSW 2620","$245,000-$255,000",2 Beds,1 Bath,1 Parking,N/A
871,"23/18 Booth Street, Queanbeyan East NSW 2620","$240,000 - $250,000",2 Beds,1 Bath,1 Parking,N/A
872,"13 Lake View Way, Tallwoods Village NSW 2430","$229,000",752m² ,N/A,0,N/A
873,"2 Brewery Lane, Tamworth NSW 2340","$235,000",3 Beds,1 Bath,1 Parking,948.5m² 
874,"60/12 Goldens Road, Forster NSW 2428","$219,000",2 Beds,1 Bath,1 Parking,N/A
875,"9/63 Donald Street, Queanbeyan NSW 2620","$209,000-$229,000",2 Beds,1 Bath,1 Parking,N/A
876,"Talawong dr, Taree NSW 2430","$189,000 to $199,000",960m² ,N/A,0,N/A
877,"25/56 Henderson Road, Queanbeyan NSW 2620","$169,000-$175,000",1 Bed,1 Bath,− 0 Parkings,N/A
878,"3/189 Union Road, North Albury NSW 2640","$160,000",2 Beds,2 Baths,1 Parking,N/A
879,"18/9 Macquoid Street, Queanbeyan NSW 2620","$159,000-$169,000",1 Bed,1 Bath,− 0 Parkings,N/A
880,"8 Ibis Street, Tamworth NSW 2340","$140,000",700m² ,N/A,0,N/A
881,"The Outlook Estate, Tamworth NSW 2340","Price Guide $132,000 to $142,000",842m² ,N/A,0,N/A
882,"62 Hanley Lane, Gundagai NSW 2722","$125,000",3 Beds,1 Bath,− 0 Parkings,973m² 
883,"13/1246 Federal Highway, Sutton NSW 2620","$110,000",2 Beds,1 Bath,− 0 Parkings,N/A
884,"4/65 Macquoid Street, Queanbeyan NSW 2620",Auction,2 Beds,1 Bath,2 Parkings,191m² 
885,"77 Diamond Beach Road, Red Head NSW 2430","$995,000",5 Beds,3 Baths,7 Parkings,10.12ha 
886,"21 Ulmarra Ave, Camden South NSW 2570","$870,000-$950,000",4 Beds,2 Baths,2 Parkings,N/A
887,Elderslie NSW 2570,"$749,000 - $779,000",4 Beds,2 Baths,2 Parkings,500m² 
888,"21 Darkum Rd, Mullaway NSW 2456","$699,000",4 Beds,2 Baths,2 Parkings,922.6m² 
889,"31 Coastal View Drive, Tallwoods Village NSW 2430","$649,000",3 Beds,3 Baths,3 Parkings,780m² 
890,"1/63 Bay Road, Blue Bay NSW 2261","$650,000  - $699,000",3 Beds,1 Bath,2 Parkings,N/A
891,"31 Northcote Road, Leura NSW 2780","$595,000  - $630,000",2 Beds,1 Bath,1 Parking,466m² 
892,"5/1A North Street, Tuncurry NSW 2428","$539,000",3 Beds,2 Baths,2 Parkings,335m² 
893,"19 Woodcourt Street, Ambarvale NSW 2560","$530,000 - $550,000",3 Beds,2 Baths,3 Parkings,631m² 
894,"62 Campbell Road, Tamworth NSW 2340",By Negotiation,4 Beds,2 Baths,2 Parkings,"1,631m² "
895,"10/179 Gertrude Street, Gosford NSW 2250",New To Market,2 Beds,1 Bath,1 Parking,N/A
896,"21 Gungurru Close, Tamworth NSW 2340","$350,000",3 Beds,2 Baths,1 Parking,450m² 
897,"2/353 Rankin Street, Bathurst NSW 2795","$325,000",2 Beds,1 Bath,1 Parking,147m² 
898,"1/28 Prospect Street, South Bathurst NSW 2795","$325,000",3 Beds,1 Bath,1 Parking,465m² 
899,"62 Gordon Street, Inverell NSW 2360","PRICEGUIDE $270,000",3 Beds,1 Bath,1 Parking,810m² 
900,"28 Sickles Drive, Grasmere NSW 2570","$1,580,000 to $1,680,000",4 Beds,3 Baths,3 Parkings,"4,000m² "
901,"134 Elizabeth Drive, Tamworth NSW 2340","$619,000",3 Beds,2 Baths,3 Parkings,1.6ha 
902,"35A Johnston Street, Tamworth NSW 2340","$399,000",3 Beds,2 Baths,1 Parking,474m² 
903,"501 Regina Avenue, North Albury NSW 2640","$379,000",4 Beds,2 Baths,2 Parkings,796m² 
904,"20/5 Crag Road, Batehaven NSW 2536",By Negotiation,2 Beds,1 Bath,1 Parking,N/A
905,"331 Grono Farm Road, Wilberforce NSW 2756",Contact Agent,10.62ha ,N/A,0,N/A
906,"286 Windsor Street, Richmond NSW 2753",Auction,8 Beds,2 Baths,− 0 Parkings,"1,535m² "
907,"9 Avon Place, Windsor Downs NSW 2756",Price on request,6 Beds,3 Baths,3 Parkings,16.79ha 
908,"141 Carrington Road, Londonderry NSW 2753",Expressions of Interest,4 Beds,2 Baths,− 0 Parkings,2.38ha 
909,"93 Sealy Lookout Drive, Korora NSW 2450",By Negotiation,5 Beds,4 Baths,4 Parkings,1.11ha 
910,"46 Mays Road, Runnyford NSW 2536",Sale By Tender,6 Beds,3 Baths,8 Parkings,60.7ha 
911,"103 Newman Avenue, Blueys Beach NSW 2428",Price Upon Application,4 Beds,3 Baths,2 Parkings,716m² 
912,"484 Watagan Creek Road, Laguna NSW 2325",E.O.I Submissions Closing 19/2/19,15.05ha ,N/A,0,N/A
913,"52 Mileham Street, Windsor NSW 2756",Expressions of Interest,1 Bed,1 Bath,− 0 Parkings,1.03ha 
914,Mount Hunter NSW 2570,Tender by 25th January,9 Beds,5 Baths,6 Parkings,32.78ha 
915,"54 Ladbury Avenue, Penrith NSW 2750",CONTACT AGENT,3 Beds,3 Baths,1 Parking,835m² 
916,"""Yarrawonga"", Denman NSW 2328",$1.8m,575ha ,N/A,0,N/A
917,"63 Wavehill Avenue, Windsor Downs NSW 2756","$1,690,000  - $1,750,000",6 Beds,3 Baths,4 Parkings,"4,020m² "
918,"23 Stannix Park Road, Wilberforce NSW 2756","$1,650,000 - $1,700,000",6 Beds,3 Baths,10 Parkings,2.19ha 
919,"23 James Ruse Close, Windsor NSW 2756","Price Guide $1,550,000",5 Beds,4 Baths,2 Parkings,"3,576m² "
920,"395 Wattle Tree Road, Holgate NSW 2250","$1,550,000",4 Beds,3 Baths,4 Parkings,2.11ha 
921,"10 Caroles Rd, Orangeville NSW 2570",Just Listed,3 Beds,2 Baths,4 Parkings,5.93ha 
922,"79 South Street, Gundagai NSW 2722",Contact Agent,276.4ha ,N/A,0,N/A
923,"9 Beachfront Close, Sapphire Beach NSW 2450",Expressions Of Interest Closing @ 3pm January 31,5 Beds,4 Baths,3 Parkings,N/A
924,"38 Willows Road, Gresford NSW 2311","$1,450,000",21.04ha ,N/A,0,N/A
925,"219B Beach Road, Denhams Beach NSW 2536",By Negotiation Contact Agent,4 Beds,3 Baths,2 Parkings,N/A
926,"1023B Coramba Road, Karangi NSW 2450","$1,395,000",N/A,N/A,0,N/A
927,"54 Nutt Road, Londonderry NSW 2753",JUST LISTED,4 Beds,1 Bath,2 Parkings,1.99ha 
928,"9 Hill Street, Austinmer NSW 2515",Contact Agent,5 Beds,3 Baths,2 Parkings,556m² 
929,"78 Moodys Road, Bonville NSW 2450","$1,295,000",5 Beds,3 Baths,2 Parkings,3.23ha 
930,"56 Sandy Place, Long Beach NSW 2536","$1,275,000",4 Beds,3 Baths,2 Parkings,"1,425m² "
931,"166 Eglinford Lane, Congewai NSW 2325","$1,270,000 - $1,350,000",70.97ha ,N/A,0,N/A
932,"12/6 Solitary Islands Way, Sapphire Beach NSW 2450","$1,250,000 - $1,300,000",3 Beds,2 Baths,2 Parkings,N/A
933,"699B George Street, South Windsor NSW 2756","$1,250,000 - $1,300,000",4 Beds,4 Baths,7 Parkings,"5,718m² "
934,"17 Moorhen Street, Pitt Town NSW 2756",Contact Agent,4 Beds,2 Baths,2 Parkings,692m² 
935,"Lot 3 Rowsells Road, Korora NSW 2450","$1,225,000 - $1,275,000",5 Beds,3 Baths,10 Parkings,1.36ha 
936,"27 Illawong Avenue, Caringbah South NSW 2229",By Negotiation,3 Beds,1 Bath,2 Parkings,N/A
937,"35 Timbertops Drive, Coffs Harbour NSW 2450","$1,150,000 - $1,200,000",5 Beds,2 Baths,4 Parkings,956m² 
938,"6/57 Werrina Parade, Blue Bay NSW 2261",$1.195M,4 Beds,3 Baths,1 Parking,N/A
939,"148 Boundary Road, Glossodia NSW 2756","$1,100,000",4 Beds,2 Baths,5 Parkings,"4,000m² "
940,"18 Yakalla Street, Shelly Beach NSW 2261",Price on request,4 Beds,3 Baths,2 Parkings,603m² 
941,"14 Plover Close, Sussex Inlet NSW 2540","$1,100,000 -$1,200,000",5 Beds,3 Baths,4 Parkings,947m² 
942,"67A Nirvana Street, Long Jetty NSW 2261",Price on request,3 Beds,2 Baths,2 Parkings,N/A
943,"63 Ladbury Avenue, Penrith NSW 2750","$1,089,000 - $1,129,000",4 Beds,2 Baths,3 Parkings,834m² 
944,"23 Llanrian Drive, Singleton NSW 2330","$1,100,000",6 Beds,4 Baths,3 Parkings,"5,118m² "
945,"47 TALLAWANG AVENUE, Malua Bay NSW 2536",AUCTION,3 Beds,2 Baths,1 Parking,563m² 
946,"31 Hayward Road, Wandandian NSW 2540","$990,000",4 Beds,2 Baths,5 Parkings,9995.7353574m² 
947,"79A King Road, Wilberforce NSW 2756","$990,000 - $1,050,000",4 Beds,2 Baths,2 Parkings,"1,739m² "
948,"28 Kratz Drive, Coffs Harbour NSW 2450","$989,000",6 Beds,3 Baths,2 Parkings,773m² 
949,"25 Koloona Drive, Tapitallee NSW 2540","$976,500",6 Beds,3 Baths,6 Parkings,"4,047m² "
950,"53 Power Ridge, Oran Park NSW 2570","$975,450",4 Beds,2 Baths,2 Parkings,525m² 
951,"97 Hammond Drive, Clothiers Creek NSW 2484","$950,000",3 Beds,1 Bath,3 Parkings,4.9ha 
952,"Putty Road, Garland Valley NSW 2330","$950,000",488.86ha ,N/A,0,N/A
953,"9 Teal Place, Sussex Inlet NSW 2540","$950,000",3 Beds,2 Baths,4 Parkings,686m² 
954,"7 Taren Road, Caringbah NSW 2229",Contact Agent,3 Beds,1 Bath,1 Parking,588.1m² 
955,"66 Palana Street, Surfside NSW 2536","$899,000",5 Beds,4 Baths,1 Parking,607m² 
956,"9 Berger Road, South Windsor NSW 2756",Contact Agent,4 Beds,2 Baths,2 Parkings,615m² 
957,"35D Rickards Road, Sandy Beach NSW 2456","$899,000 - $988,000",4 Beds,1 Bath,4 Parkings,N/A
958,"12 Eggeling Street, Erina NSW 2250","$895,000 - $945,000",4 Beds,2 Baths,3 Parkings,630m² 
959,"25 Tongarra Drive, Ocean Shores NSW 2483","$895,000",4 Beds,2 Baths,2 Parkings,905m² 
960,"18 Calder Cl, Vincentia NSW 2540","$890,000",3 Beds,2 Baths,2 Parkings,500m² 
961,"152 River Park Road, Port Macquarie NSW 2444",Auction: Saturday 2 February 10.30am,3 Beds,2 Baths,2 Parkings,630m² 
962,"10 Narran Place, Tamworth NSW 2340","$880,000",4 Beds,2 Baths,7 Parkings,"3,820m² "
963,"15 Rouse Avenue, Cambewarra NSW 2540","$875,000 - $910,000",4 Beds,3 Baths,6 Parkings,"2,099m² "
964,"6 Ocean Drive, Safety Beach NSW 2456",Auction,3 Beds,2 Baths,1 Parking,670.3m² 
965,"39 Lawler Drive, Oran Park NSW 2570","$830,000 - $870,000",4 Beds,2 Baths,2 Parkings,573.1m² 
966,"40 Brunderee Road, Flinders NSW 2529","$829,000",4 Beds,2 Baths,2 Parkings,474m² 
967,"87 Wamara Crescent, Forster NSW 2428","$829,000",4 Beds,2 Baths,2 Parkings,518m² 
968,"54 Iluka Avenue, Malua Bay NSW 2536",Auction on Sat 9th Feb at 11:00 am,3 Beds,2 Baths,1 Parking,556.4m² 
969,"17 Brennan Road, Elderslie NSW 2570","$825,000 - $855,000",4 Beds,2 Baths,2 Parkings,N/A
970,"59 Osterley Avenue, Orient Point NSW 2540","$825,000",3 Beds,1 Bath,− 0 Parkings,992m² 
971,"6 Churchill Road, Forster NSW 2428","$818,000",5 Beds,2 Baths,2 Parkings,525m² 
972,"83 Lethbridge Street, Penrith NSW 2750","$769,000 - $799,000",3 Beds,1 Bath,1 Parking,588m² 
973,"102 Chamberlain Road, Wyoming NSW 2250",Auction,4 Beds,2 Baths,2 Parkings,N/A
974,"8855 Ben Warby Lane, Gundagai NSW 2722","$799,000",35.09ha ,N/A,0,N/A
975,"21 Kale Road, Spring Farm NSW 2570","$799,000 - $849,000",4 Beds,2 Baths,2 Parkings,502m² 
976,"10 The Plateau, Port Macquarie NSW 2444","Price guide $790,000 to $840,000",4 Beds,2 Baths,2 Parkings,N/A
977,"89A Cardigan Street, Guildford NSW 2161","$790,000",3 Beds,2 Baths,2 Parkings,N/A
978,"10 Fairfield Avenue, Windsor NSW 2756","$790,000 - $850,000",4 Beds,1 Bath,− 0 Parkings,556m² 
979,"20/5 Carousel Close, Cromer NSW 2099","Guide $790,000",2 Beds,2 Baths,1 Parking,N/A
980,"26 Elizabeth Macarthur Avenue, Camden South NSW 2570","$785,000 - $845,000",3 Beds,1 Bath,2 Parkings,"1,157m² "
981,"20 Tallawang Avenue, Malua Bay NSW 2536",Auction on Sat 26th Jan at 11am,3 Beds,2 Baths,1 Parking,777.8m² 
982,"1 Warragai Place, Malua Bay NSW 2536","$780,000 - $850,000",5 Beds,3 Baths,2 Parkings,925m² 
983,"18 King George Parade, Forster NSW 2428","$780,000",3 Beds,2 Baths,2 Parkings,613m² 
984,"13 Kingsford Dr, Brunswick Heads NSW 2483","$775,000",3 Beds,2 Baths,1 Parking,808m² 
985,"105 Carthage Street, Tamworth NSW 2340",By Negotiation,5 Beds,3 Baths,2 Parkings,867m² 
986,"49 Elouera Cres, Forster NSW 2428","$770,000",3 Beds,2 Baths,2 Parkings,848m² 
987,"58 Panorama Crescent, Freemans Reach NSW 2756","Guide $770,000 - $790,000",4 Beds,2 Baths,2 Parkings,860m² 
988,"176 Heritage Drive, Moonee Beach NSW 2450","$769,000",3 Beds,2 Baths,6 Parkings,"10,000m² "
989,"2053 Livesy Street, Oran Park NSW 2570","$765,800",4 Beds,2 Baths,2 Parkings,502m² 
990,"21 Undara Circuit, Forster NSW 2428","$759,000",4 Beds,2 Baths,2 Parkings,624m² 
991,"1a High Street, Campbelltown NSW 2560","$755,000 - $765,000",4 Beds,2 Baths,1 Parking,329.2m² 
992,"8 North Shore Drive, Port Macquarie NSW 2444","$749,000",3 Beds,2 Baths,1 Parking,N/A
993,"5 Eltham Street, Blacktown NSW 2148","Guide Price: $730,000 - $780,000",3 Beds,1 Bath,2 Parkings,569.9m² 
994,"83 Lethbridge Street, Penrith NSW 2750","$769,000 - $799,000",3 Beds,1 Bath,1 Parking,588m² 
995,"3 Excelsa Court, Maloneys Beach NSW 2536","$750,000",5 Beds,2 Baths,3 Parkings,760m² 
996,"76 Jerry Bailey Road, Shoalhaven Heads NSW 2535","$740,000",5 Beds,2 Baths,2 Parkings,582m² 
997,"31 Emerald Drive, Diamond Beach NSW 2430","$725,000",4 Beds,3 Baths,2 Parkings,800m² 
998,"21 Iverison Road, Sussex Inlet NSW 2540","$725,000",4 Beds,2 Baths,3 Parkings,727m² 
999,"2/26i Coomburra Crescent, Ocean Shores NSW 2483","$725,000",3 Beds,2 Baths,2 Parkings,435.5m² 
1000,"6202/10 Sturdee Parade, Dee Why NSW 2099",Auction - contact Mark Griffiths,1 Bed,1 Bath,1 Parking,N/A
1001,"7 Ridge Avenue, Sussex Inlet NSW 2540","$725,000",4 Beds,3 Baths,2 Parkings,620m² 
1002,"14 Brunton Place, St Helens Park NSW 2560","Price Guide $720,000 - $760,000",4 Beds,2 Baths,2 Parkings,487m² 
1003,"94 Cedar Drive, Llanarth NSW 2795","$729,000",4 Beds,2 Baths,2 Parkings,"1,145m² "
1004,"2 McKenzie Crescent, Wilberforce NSW 2756",Guide - Mid $700's,3 Beds,1 Bath,1 Parking,739m² 
1005,"486 Sackville Road, Ebenezer NSW 2756","$735,000",3 Beds,1 Bath,3 Parkings,809.4m² 
1006,"92 North Solitary Drive, Sapphire Beach NSW 2450","$709,000",4 Beds,2 Baths,2 Parkings,504m² 
1007,"Lot 1047 6 Gale Street, Oran Park NSW 2570","$708,000",4 Beds,2 Baths,2 Parkings,450m² 
1008,"225A South Boambee  Road, Boambee NSW 2450","$699,000",4 Beds,3 Baths,8 Parkings,1.9ha 
1009,"14 Churchill Road, Forster NSW 2428","$699,000",3 Beds,1 Bath,1 Parking,556m² 
1010,"5 Partridge Street, Port Macquarie NSW 2444",Auction: Saturday 2 February 1.30pm,3 Beds,2 Baths,1 Parking,556m² 
1011,"10 Hinchen Street, Guildford NSW 2161",Auction Sat 2nd Feb 3:00pm,3 Beds,1 Bath,1 Parking,708.2m² 
1012,"11 Driftwood Court, Coffs Harbour NSW 2450","$699,000 - $729,000",4 Beds,2 Baths,2 Parkings,"1,609m² "
1013,"64 Akala Avenue, Forster NSW 2428","$699,000",4 Beds,2 Baths,3 Parkings,772m² 
1014,"18 Highlands Crescent, Blacktown NSW 2148","Guide Price: $700,000 - $740,000",3 Beds,1 Bath,2 Parkings,581.7m² 
1015,"5/1 Creighton Lane, Point Frederick NSW 2250","$700,000 - $725,000",3 Beds,2 Baths,2 Parkings,N/A
1016,"128 Sanctuary Point Road, Sanctuary Point NSW 2540","$699,000 - $720,000",2 Beds,2 Baths,− 0 Parkings,"1,032m² "
1017,"1140 East Bank Road, Nana Glen NSW 2450","$695,000 - $715,000",4 Beds,2 Baths,8 Parkings,2.05ha 
1018,"1 Neale Street, Long Jetty NSW 2261","Guide $690,000-$740,000",3 Beds,1 Bath,2 Parkings,N/A
1019,"50 McLachlan Avenue, Long Jetty NSW 2261","$690,000 - $750,000",3 Beds,1 Bath,1 Parking,708m² 
1020,"23 William Hart Crescent, Penrith NSW 2750","$689,000 - $719,000",3 Beds,2 Baths,1 Parking,185m² 
1021,"13 Narran Close, Forster NSW 2428","$689,000",4 Beds,2 Baths,2 Parkings,904m² 
1022,"1 Anchorage  Close, Moonee Beach NSW 2450","$680,000 - $720,000",3 Beds,2 Baths,2 Parkings,609m² 
1023,"16 Eggleton Street, Blacktown NSW 2148","$680,000 - $720,000",4 Beds,2 Baths,1 Parking,575m² 
1024,"10 Kundibar Street, Katoomba NSW 2780","$680,000  - $720,000",2 Beds,1 Bath,2 Parkings,285m² 
1025,"85 Golden Valley Drive, Glossodia NSW 2756","$679,000 - $695,000",3 Beds,1 Bath,2 Parkings,557m² 
1026,"62 Beltana Avenue, Googong NSW 2620","$679,000 - $709,000",4 Beds,2 Baths,2 Parkings,N/A
1027,"26 Fragar Avenue, Wyoming NSW 2250",New To Market,4 Beds,2 Baths,3 Parkings,620m² 
1028,"6 Collett Place, St Georges Basin NSW 2540","$670,000 - $690,000",4 Beds,2 Baths,2 Parkings,669m² 
1029,"604 Proposed Road, Spring Farm NSW 2570","$669,300",4 Beds,2 Baths,2 Parkings,390m² 
1030,"21 De Lore Crescent, Tuncurry NSW 2428","$669,000",4 Beds,2 Baths,2 Parkings,665m² 
1031,"17 Paine Place, Bligh Park NSW 2756","$700,000",5 Beds,2 Baths,2 Parkings,615m² 
1032,"2 Boult Close, Bligh Park NSW 2756",Just Listed,3 Beds,2 Baths,2 Parkings,689m² 
1033,"17 Pacific Street, Batemans Bay NSW 2536",AUCTION,5 Beds,3 Baths,2 Parkings,"1,157m² "
1034,"6 Macquarie Place, Glossodia NSW 2756","$660,000 - $690,000",4 Beds,1 Bath,2 Parkings,569m² 
1035,"22 Goorama Drive, Cambewarra NSW 2540","$669,000",3 Beds,3 Baths,1 Parking,"1,041m² "
1036,Lilli Pilli NSW 2536,"$679,000 - $739,000",3 Beds,2 Baths,2 Parkings,689m² 
1037,"13/52-54 Pacific Parade, Dee Why NSW 2099","For Sale Guide: $660,000 - $720,000",2 Beds,1 Bath,1 Parking,N/A
1038,"24 Promenade Avenue, Bateau Bay NSW 2261",Offers Invited,4 Beds,1 Bath,4 Parkings,N/A
1039,"14 Raymond Street, Freemans Reach NSW 2756","$649,000",3 Beds,1 Bath,1 Parking,695m² 
1040,"23 Margina Close, Tuncurry NSW 2428","$649,000",4 Beds,2 Baths,2 Parkings,640m² 
1041,"17 Lew Avenue, Eglinton NSW 2795","Buyers Guide $650,000  to  $665,000",5 Beds,2 Baths,2 Parkings,900m² 
1042,"8 Gilwara Lane, Glenthorne NSW 2430","$649,000",4 Beds,2 Baths,7 Parkings,2.84ha 
1043,"38 Ellmoos Ave, Sussex Inlet NSW 2540","$650,000",4 Beds,4 Baths,6 Parkings,765m² 
1044,"14 Peter Place, Bligh Park NSW 2756",Just Listed,3 Beds,1 Bath,1 Parking,692m² 
1045,"7 Forrest Crescent, Camden NSW 2570",Auction,3 Beds,1 Bath,1 Parking,N/A
1046,Green Point NSW 2428,"$649,000",4 Beds,3 Baths,1 Parking,617m² 
1047,"165 The Southern Parkway, Forster NSW 2428","$645,000",3 Beds,2 Baths,4 Parkings,854m² 
1048,"14 Barton Street, Katoomba NSW 2780","$645,000",4 Beds,2 Baths,− 0 Parkings,613m² 
1049,"12 Heard Avenue, Shoalhaven Heads NSW 2535","$640,000",2 Beds,1 Bath,2 Parkings,702m² 
1050,"57 St George Avenue, Vincentia NSW 2540","$640,000 - $680,000",3 Beds,2 Baths,1 Parking,744m² 
1051,"64 Karloo Street, Forster NSW 2428","$639,000",4 Beds,3 Baths,3 Parkings,787m² 
1052,"120 Boomerang Drive, Glossodia NSW 2756","$630,000 - $650,000",3 Beds,1 Bath,2 Parkings,696m² 
1053,"38-40 Forbes Street, Emu Plains NSW 2750","$629,000 - $649,000",4 Beds,2 Baths,2 Parkings,N/A
1054,"38-40 Forbes Street, Emu Plains NSW 2750","$629,000 - $649,000",3 Beds,2 Baths,2 Parkings,N/A
1055,"2/92 Rajah Road, Ocean Shores NSW 2483","$629,000",3 Beds,2 Baths,2 Parkings,N/A
1056,"3 John Forrest Place, Sunshine Bay NSW 2536","$629,000",4 Beds,2 Baths,2 Parkings,628m² 
1057,Forster NSW 2428,"$622,000",4 Beds,2 Baths,3 Parkings,520m² 
1058,"14 Macquarie Place, Glossodia NSW 2756","$635,000-$650,000",3 Beds,1 Bath,2 Parkings,556m² 
1059,"52 Bellevue Drive, Port Macquarie NSW 2444",Auction - Offers Welcome Prior,3 Beds,2 Baths,2 Parkings,273.9m² 
1060,"1 Avocet Street, Sussex Inlet NSW 2540","$610,000",3 Beds,3 Baths,1 Parking,654m² 
1061,"20 Gould Way, Blacktown NSW 2148",Sale by Negotiation,3 Beds,2 Baths,2 Parkings,N/A
1062,"56 Loder Crescent, South Windsor NSW 2756",Just Listed,3 Beds,1 Bath,2 Parkings,561m² 
1063,"514 Milro Avenue, East Albury NSW 2640",Auction,4 Beds,2 Baths,2 Parkings,790m² 
1064,"2/55 East Market St, Richmond NSW 2753",Just Listed,3 Beds,2 Baths,2 Parkings,N/A
1065,"8 Miller Avenue, Rosedale NSW 2536","$599,000",3 Beds,2 Baths,− 0 Parkings,664m² 
1066,"14/43-45 Brougham Street, Emu Plains NSW 2750","$599,000 - $649,000",3 Beds,1 Bath,1 Parking,N/A
1067,"35 Valder Ave, Richmond NSW 2753",Auction | Instructions to sell,4 Beds,2 Baths,4 Parkings,607m² 
